id,carrera,promocion,promedio
1,Ing. Alimentos,2015,14
2,Ing. Sistemas,2015,15
3,Ing. Civil,2015,15
4,Ing. Quimica,2015,15
5,Ing. Electrica,2015,15
6,Ing. Mecanica,2015,15
7,Ing.Mecanica,2015,15
8,Ing. Industrial,2015,15
9,Ing. Electrica,2015,15
10,Ing. Sistemas,2015,15
11,Ing. Alimentos,2015,15
12,Ing. Sistemas,2015,16
13,Ing. Civil,2015,16
14,Ing. Alimentos,2015,16
15,Ing. Alimentos,2015,16
16,Ing. Sistemas,2015,16
17,Ing. Civil,2015,16
18,Ing. Quimica,2015,16
19,Ing. Electrica,2015,16
20,Ing. Mecanica,2015,16
21,Ing.Mecanica,2015,16
22,Ing. Industrial,2015,17
23,Ing. Electrica,2015,17
24,Ing. Sistemas,2015,17
25,Ing. Alimentos,2015,17
26,Ing. Sistemas,2015,17
27,Ing. Civil,2015,17
28,Ing. Alimentos,2015,17
29,Ing. Alimentos,2015,17
30,Ing. Sistemas,2015,17
31,Ing. Civil,2015,17
32,Ing. Quimica,2015,18
33,Ing. Electrica,2015,18
34,Ing. Mecanica,2015,18
35,Ing.Mecanica,2015,18
36,Ing. Industrial,2015,18
37,Ing. Electrica,2015,18
38,Ing. Sistemas,2015,18
39,Ing. Alimentos,2015,18
40,Ing. Sistemas,2015,18
41,Ing. Civil,2015,18
42,Ing. Alimentos,2015,19
43,Ing. Alimentos,2015,19
44,Ing. Sistemas,2015,19
45,Ing. Civil,2015,19
46,Ing. Quimica,2015,19
47,Ing. Electrica,2015,19
48,Ing. Mecanica,2015,19
49,Ing.Mecanica,2015,19
50,Ing. Industrial,2015,19
51,Ing. Electrica,2015,19
52,Ing. Sistemas,2015,20
53,Ing. Alimentos,2015,20
54,Ing. Sistemas,2015,20
55,Ing. Civil,2015,20
56,Ing. Alimentos,2015,20
57,Ing. Alimentos,2015,20
58,Ing. Sistemas,2015,20
59,Ing. Civil,2015,20
60,Ing. Quimica,2015,20
61,Ing. Electrica,2015,20
62,Ing. Mecanica,2015,21
63,Ing.Mecanica,2015,21
64,Ing. Industrial,2015,21
65,Ing. Electrica,2015,21
66,Ing. Sistemas,2015,21
67,Ing. Alimentos,2015,21
68,Ing. Sistemas,2015,21
69,Ing. Civil,2015,21
70,Ing. Alimentos,2015,21
71,Ing. Alimentos,2015,21
72,Ing. Sistemas,2015,22
73,Ing. Civil,2015,22
74,Ing. Quimica,2015,22
75,Ing. Electrica,2015,22
76,Ing. Mecanica,2015,22
77,Ing.Mecanica,2015,22
78,Ing. Industrial,2015,22
79,Ing. Electrica,2015,22
80,Ing. Sistemas,2015,22
81,Ing. Alimentos,2015,22
82,Ing. Sistemas,2015,23
83,Ing. Civil,2015,23
84,Ing. Alimentos,2015,23
85,Ing. Alimentos,2015,23
86,Ing. Sistemas,2015,23
87,Ing. Civil,2015,23
88,Ing. Quimica,2015,23
89,Ing. Electrica,2015,23
90,Ing. Mecanica,2015,23
91,Ing.Mecanica,2015,23
92,Ing. Industrial,2015,24
93,Ing. Electrica,2015,24
94,Ing. Sistemas,2015,24
95,Ing. Alimentos,2015,24
96,Ing. Sistemas,2015,24
97,Ing. Civil,2015,24
98,Ing. Alimentos,2015,24
99,Ing. Alimentos,2015,24
100,Ing. Sistemas,2015,24
101,Ing. Civil,2015,24
102,Ing. Quimica,2015,25
103,Ing. Electrica,2015,25
104,Ing. Mecanica,2015,25
105,Ing.Mecanica,2015,25
106,Ing. Industrial,2015,25
107,Ing. Electrica,2015,25
108,Ing. Sistemas,2015,25
109,Ing. Alimentos,2015,25
110,Ing. Sistemas,2015,25
111,Ing. Civil,2015,25
112,Ing. Alimentos,2015,26
113,Ing. Alimentos,2015,26
114,Ing. Sistemas,2015,26
115,Ing. Civil,2015,26
116,Ing. Quimica,2015,26
117,Ing. Electrica,2015,26
118,Ing. Mecanica,2015,26
119,Ing.Mecanica,2015,26
120,Ing. Industrial,2015,26
121,Ing. Electrica,2015,26
122,Ing. Sistemas,2015,27
123,Ing. Alimentos,2015,27
124,Ing. Sistemas,2015,27
125,Ing. Civil,2015,27
126,Ing. Alimentos,2015,27
127,Ing. Alimentos,2015,27
128,Ing. Sistemas,2015,27
129,Ing. Civil,2015,27
130,Ing. Quimica,2015,27
131,Ing. Electrica,2015,27
132,Ing. Mecanica,2015,28
133,Ing.Mecanica,2015,28
134,Ing. Industrial,2015,28
135,Ing. Electrica,2015,28
136,Ing. Sistemas,2015,28
137,Ing. Alimentos,2015,28
138,Ing. Sistemas,2015,28
139,Ing. Civil,2015,28
140,Ing. Alimentos,2015,28
141,Ing. Alimentos,2015,28
142,Ing. Sistemas,2015,29
143,Ing. Civil,2015,29
144,Ing. Quimica,2015,29
145,Ing. Electrica,2015,29
146,Ing. Mecanica,2015,29
147,Ing.Mecanica,2015,29
148,Ing. Industrial,2015,29
149,Ing. Electrica,2015,29
150,Ing. Sistemas,2015,29
151,Ing. Alimentos,2015,29
152,Ing. Sistemas,2015,30
153,Ing. Civil,2015,30
154,Ing. Alimentos,2015,30
155,Ing. Alimentos,2015,30
156,Ing. Sistemas,2015,30
157,Ing. Civil,2015,30
158,Ing. Quimica,2015,30
159,Ing. Electrica,2015,30
160,Ing. Mecanica,2015,30
161,Ing.Mecanica,2015,30
162,Ing. Industrial,2015,31
163,Ing. Electrica,2015,31
164,Ing. Sistemas,2015,31
165,Ing. Alimentos,2015,31
166,Ing. Sistemas,2015,31
167,Ing. Civil,2015,31
168,Ing. Alimentos,2015,31
169,Ing. Alimentos,2015,31
170,Ing. Sistemas,2015,31
171,Ing. Civil,2015,31
172,Ing. Quimica,2015,32
173,Ing. Electrica,2015,32
174,Ing. Mecanica,2015,32
175,Ing.Mecanica,2015,32
176,Ing. Industrial,2015,32
177,Ing. Electrica,2015,32
178,Ing. Sistemas,2015,32
179,Ing. Alimentos,2015,32
180,Ing. Sistemas,2015,32
181,Ing. Civil,2015,32
182,Ing. Alimentos,2015,33
183,Ing. Alimentos,2015,33
184,Ing. Sistemas,2015,33
185,Ing. Civil,2015,33
186,Ing. Quimica,2015,33
187,Ing. Electrica,2015,33
188,Ing. Mecanica,2015,33
189,Ing.Mecanica,2015,33
190,Ing. Industrial,2015,33
191,Ing. Electrica,2015,33
192,Ing. Sistemas,2015,34
193,Ing. Alimentos,2015,34
194,Ing. Sistemas,2015,34
195,Ing. Civil,2015,34
196,Ing. Alimentos,2015,34
197,Ing. Alimentos,2015,34
198,Ing. Sistemas,2015,34
199,Ing. Civil,2015,34
200,Ing. Quimica,2015,34
201,Ing. Electrica,2015,34
202,Ing. Mecanica,2015,35
203,Ing.Mecanica,2015,35
204,Ing. Industrial,2015,35
205,Ing. Electrica,2015,35
206,Ing. Sistemas,2015,35
207,Ing. Alimentos,2015,35
208,Ing. Sistemas,2015,35
209,Ing. Civil,2015,35
210,Ing. Alimentos,2015,35
211,Ing. Alimentos,2015,35
212,Ing. Sistemas,2015,36
213,Ing. Civil,2015,36
214,Ing. Quimica,2015,36
215,Ing. Electrica,2015,36
216,Ing. Mecanica,2015,36
217,Ing.Mecanica,2015,36
218,Ing. Industrial,2015,36
219,Ing. Electrica,2015,36
220,Ing. Sistemas,2015,36
221,Ing. Alimentos,2015,36
222,Ing. Sistemas,2015,37
223,Ing. Civil,2015,37
224,Ing. Alimentos,2015,37
225,Ing. Alimentos,2015,37
226,Ing. Sistemas,2015,37
227,Ing. Civil,2015,37
228,Ing. Quimica,2015,37
229,Ing. Electrica,2015,37
230,Ing. Mecanica,2015,37
231,Ing.Mecanica,2015,37
232,Ing. Industrial,2015,38
233,Ing. Electrica,2015,38
234,Ing. Sistemas,2015,38
235,Ing. Alimentos,2015,38
236,Ing. Sistemas,2015,38
237,Ing. Civil,2015,38
238,Ing. Alimentos,2015,38
239,Ing. Alimentos,2015,38
240,Ing. Sistemas,2015,38
241,Ing. Civil,2015,38
242,Ing. Quimica,2015,39
243,Ing. Electrica,2015,39
244,Ing. Mecanica,2015,39
245,Ing.Mecanica,2015,39
246,Ing. Industrial,2015,39
247,Ing. Electrica,2015,39
248,Ing. Sistemas,2015,39
249,Ing. Alimentos,2015,39
250,Ing. Sistemas,2015,39
251,Ing. Civil,2015,39
252,Ing. Alimentos,2015,40
253,Ing. Alimentos,2015,40
254,Ing. Sistemas,2015,40
255,Ing. Civil,2015,40
256,Ing. Quimica,2015,40
257,Ing. Electrica,2015,40
258,Ing. Mecanica,2015,40
259,Ing.Mecanica,2015,40
260,Ing. Industrial,2015,40
261,Ing. Electrica,2015,40
262,Ing. Sistemas,2015,41
263,Ing. Alimentos,2015,41
264,Ing. Sistemas,2015,41
265,Ing. Civil,2015,41
266,Ing. Alimentos,2015,41
267,Ing. Alimentos,2015,41
268,Ing. Sistemas,2015,41
269,Ing. Civil,2015,41
270,Ing. Quimica,2015,41
271,Ing. Electrica,2015,41
272,Ing. Mecanica,2015,42
273,Ing.Mecanica,2015,42
274,Ing. Industrial,2015,42
275,Ing. Electrica,2015,42
276,Ing. Sistemas,2015,42
277,Ing. Alimentos,2015,42
278,Ing. Sistemas,2015,42
279,Ing. Civil,2015,42
280,Ing. Alimentos,2015,42
281,Ing. Alimentos,2015,42
282,Ing. Sistemas,2015,43
283,Ing. Civil,2015,43
284,Ing. Quimica,2015,43
285,Ing. Electrica,2015,43
286,Ing. Mecanica,2015,43
287,Ing.Mecanica,2015,43
288,Ing. Industrial,2015,43
289,Ing. Electrica,2015,43
290,Ing. Sistemas,2015,43
291,Ing. Alimentos,2015,43
292,Ing. Sistemas,2015,44
293,Ing. Civil,2015,44
294,Ing. Alimentos,2015,44
295,Ing. Alimentos,2015,44
296,Ing. Sistemas,2015,44
297,Ing. Civil,2015,44
298,Ing. Quimica,2015,44
299,Ing. Electrica,2015,44
300,Ing. Mecanica,2015,44
301,Ing.Mecanica,2015,44
302,Ing. Industrial,2015,45
303,Ing. Electrica,2015,45
304,Ing. Sistemas,2015,45
305,Ing. Alimentos,2015,45
306,Ing. Sistemas,2015,45
307,Ing. Civil,2015,45
308,Ing. Alimentos,2015,45
309,Ing. Alimentos,2015,45
310,Ing. Sistemas,2015,45
311,Ing. Civil,2015,45
312,Ing. Quimica,2015,46
313,Ing. Electrica,2015,46
314,Ing. Mecanica,2015,46
315,Ing.Mecanica,2015,46
316,Ing. Industrial,2015,46
317,Ing. Electrica,2015,46
318,Ing. Sistemas,2015,46
319,Ing. Alimentos,2015,46
320,Ing. Sistemas,2015,46
321,Ing. Civil,2015,46
322,Ing. Alimentos,2015,47
323,Ing. Alimentos,2015,47
324,Ing. Sistemas,2015,47
325,Ing. Civil,2015,47
326,Ing. Quimica,2015,47
327,Ing. Electrica,2015,47
328,Ing. Mecanica,2015,47
329,Ing.Mecanica,2015,47
330,Ing. Industrial,2015,47
331,Ing. Electrica,2015,47
332,Ing. Sistemas,2015,48
333,Ing. Alimentos,2015,48
334,Ing. Sistemas,2015,48
335,Ing. Civil,2015,48
336,Ing. Alimentos,2015,48
337,Ing. Alimentos,2015,48
338,Ing. Sistemas,2015,48
339,Ing. Civil,2015,48
340,Ing. Quimica,2015,48
341,Ing. Electrica,2015,48
342,Ing. Mecanica,2015,49
343,Ing.Mecanica,2015,49
344,Ing. Industrial,2015,49
345,Ing. Electrica,2015,49
346,Ing. Sistemas,2015,49
347,Ing. Alimentos,2015,49
348,Ing. Sistemas,2015,49
349,Ing. Civil,2015,49
350,Ing. Alimentos,2015,49
351,Ing. Alimentos,2015,49
352,Ing. Sistemas,2015,50
353,Ing. Civil,2015,50
354,Ing. Quimica,2015,50
355,Ing. Electrica,2015,50
356,Ing. Mecanica,2015,50
357,Ing.Mecanica,2015,50
358,Ing. Industrial,2015,50
359,Ing. Electrica,2015,50
360,Ing. Sistemas,2015,50
361,Ing. Alimentos,2015,50
362,Ing. Sistemas,2015,51
363,Ing. Civil,2015,51
364,Ing. Alimentos,2015,51
365,Ing. Alimentos,2015,51
366,Ing. Sistemas,2015,51
367,Ing. Civil,2015,51
368,Ing. Quimica,2015,51
369,Ing. Electrica,2015,51
370,Ing. Mecanica,2015,51
371,Ing.Mecanica,2015,51
372,Ing. Industrial,2015,52
373,Ing. Electrica,2015,52
374,Ing. Sistemas,2015,52
375,Ing. Alimentos,2015,52
376,Ing. Sistemas,2015,52
377,Ing. Civil,2015,52
378,Ing. Alimentos,2015,52
379,Ing. Alimentos,2015,52
380,Ing. Sistemas,2015,52
381,Ing. Civil,2015,52
382,Ing. Quimica,2015,53
383,Ing. Electrica,2015,53
384,Ing. Mecanica,2015,53
385,Ing.Mecanica,2015,53
386,Ing. Industrial,2015,53
387,Ing. Electrica,2015,53
388,Ing. Sistemas,2015,53
389,Ing. Alimentos,2015,53
390,Ing. Sistemas,2015,53
391,Ing. Civil,2015,53
392,Ing. Alimentos,2015,54
393,Ing. Alimentos,2015,54
394,Ing. Sistemas,2015,54
395,Ing. Civil,2015,54
396,Ing. Quimica,2015,54
397,Ing. Electrica,2015,54
398,Ing. Mecanica,2015,54
399,Ing.Mecanica,2015,54
400,Ing. Industrial,2015,54
401,Ing. Electrica,2015,54
402,Ing. Sistemas,2015,55
403,Ing. Alimentos,2015,55
404,Ing. Sistemas,2015,55
405,Ing. Civil,2015,55
406,Ing. Alimentos,2015,55
407,Ing. Alimentos,2015,55
408,Ing. Sistemas,2015,55
409,Ing. Civil,2015,55
410,Ing. Quimica,2015,55
411,Ing. Electrica,2015,55
412,Ing. Mecanica,2015,56
413,Ing.Mecanica,2015,56
414,Ing. Industrial,2015,56
415,Ing. Electrica,2015,56
416,Ing. Sistemas,2015,56
417,Ing. Alimentos,2015,56
418,Ing. Sistemas,2015,56
419,Ing. Civil,2015,56
420,Ing. Alimentos,2015,56
421,Ing. Alimentos,2015,56
422,Ing. Sistemas,2015,57
423,Ing. Civil,2015,57
424,Ing. Quimica,2015,57
425,Ing. Electrica,2015,57
426,Ing. Mecanica,2015,57
427,Ing.Mecanica,2015,57
428,Ing. Industrial,2015,57
429,Ing. Electrica,2015,57
430,Ing. Sistemas,2015,57
431,Ing. Alimentos,2015,58
432,Ing. Sistemas,2015,58
433,Ing. Civil,2015,58
434,Ing. Alimentos,2015,58
435,Ing. Alimentos,2015,58
436,Ing. Sistemas,2015,58
437,Ing. Civil,2015,58
438,Ing. Quimica,2015,58
439,Ing. Electrica,2015,58
440,Ing. Mecanica,2015,58
441,Ing.Mecanica,2015,59
442,Ing. Industrial,2015,59
443,Ing. Electrica,2015,59
444,Ing. Sistemas,2015,59
445,Ing. Alimentos,2015,59
446,Ing. Sistemas,2015,59
447,Ing. Civil,2015,59
448,Ing. Alimentos,2015,59
449,Ing. Alimentos,2015,59
450,Ing. Sistemas,2015,59
451,Ing. Civil,2015,60
452,Ing. Quimica,2015,60
453,Ing. Electrica,2015,60
454,Ing. Mecanica,2015,60
455,Ing.Mecanica,2015,60
456,Ing. Industrial,2015,60
457,Ing. Electrica,2015,60
458,Ing. Sistemas,2015,60
459,Ing. Alimentos,2015,60
460,Ing. Sistemas,2015,60
461,Ing. Civil,2015,61
462,Ing. Alimentos,2015,61
463,Ing. Alimentos,2015,61
464,Ing. Sistemas,2015,61
465,Ing. Civil,2015,61
466,Ing. Quimica,2015,10
467,Ing. Electrica,2015,10
468,Ing. Mecanica,2015,11
469,Ing.Mecanica,2015,11
470,Ing. Industrial,2015,11
471,Ing. Electrica,2015,11
472,Ing. Sistemas,2015,11
473,Ing. Alimentos,2015,11
474,Ing. Sistemas,2015,11
475,Ing. Civil,2015,11
476,Ing. Alimentos,2015,11
477,Ing. Alimentos,2015,11
478,Ing. Sistemas,2015,12
479,Ing. Civil,2015,12
480,Ing. Quimica,2015,12
481,Ing. Electrica,2015,12
482,Ing. Mecanica,2015,12
483,Ing.Mecanica,2015,12
484,Ing. Industrial,2015,12
485,Ing. Electrica,2015,12
486,Ing. Sistemas,2015,12
487,Ing. Alimentos,2015,12
488,Ing. Sistemas,2015,13
489,Ing. Civil,2015,13
490,Ing. Alimentos,2015,13
491,Ing. Alimentos,2015,13
492,Ing. Sistemas,2015,13
493,Ing. Civil,2015,13
494,Ing. Quimica,2015,13
495,Ing. Electrica,2015,13
496,Ing. Mecanica,2015,13
497,Ing.Mecanica,2015,13
498,Ing. Industrial,2015,14
499,Ing. Electrica,2015,14
500,Ing. Sistemas,2015,14
501,Ing. Alimentos,2015,14
502,Ing. Sistemas,2015,14
503,Ing. Civil,2015,14
504,Ing. Alimentos,2015,14
505,Ing. Alimentos,2015,14
506,Ing. Sistemas,2015,14
507,Ing. Civil,2015,14
508,Ing. Quimica,2015,15
509,Ing. Electrica,2015,15
510,Ing. Mecanica,2015,15
511,Ing.Mecanica,2015,15
512,Ing. Industrial,2015,15
513,Ing. Electrica,2015,15
514,Ing. Sistemas,2015,15
515,Ing. Alimentos,2015,15
516,Ing. Sistemas,2015,15
517,Ing. Civil,2015,15
518,Ing. Alimentos,2015,16
519,Ing. Alimentos,2015,16
520,Ing. Sistemas,2015,16
521,Ing. Civil,2015,16
522,Ing. Quimica,2015,16
523,Ing. Electrica,2015,16
524,Ing. Mecanica,2015,16
525,Ing.Mecanica,2015,16
526,Ing. Industrial,2015,16
527,Ing. Electrica,2015,16
528,Ing. Sistemas,2015,17
529,Ing. Alimentos,2015,17
530,Ing. Sistemas,2015,17
531,Ing. Civil,2015,17
532,Ing. Alimentos,2015,17
533,Ing. Alimentos,2015,17
534,Ing. Sistemas,2015,17
535,Ing. Civil,2015,17
536,Ing. Quimica,2015,17
537,Ing. Electrica,2015,17
538,Ing. Mecanica,2015,18
539,Ing.Mecanica,2015,18
540,Ing. Industrial,2015,18
541,Ing. Electrica,2015,18
542,Ing. Sistemas,2015,18
543,Ing. Alimentos,2015,18
544,Ing. Sistemas,2015,18
545,Ing. Civil,2015,18
546,Ing. Alimentos,2015,18
547,Ing. Alimentos,2015,18
548,Ing. Sistemas,2015,19
549,Ing. Civil,2015,19
550,Ing. Quimica,2015,19
551,Ing. Electrica,2015,19
552,Ing. Mecanica,2015,19
553,Ing.Mecanica,2015,19
554,Ing. Industrial,2015,19
555,Ing. Electrica,2015,19
556,Ing. Sistemas,2015,19
557,Ing. Alimentos,2015,19
558,Ing. Sistemas,2015,20
559,Ing. Civil,2015,20
560,Ing. Alimentos,2015,20
561,Ing. Alimentos,2015,20
562,Ing. Sistemas,2015,20
563,Ing. Civil,2015,20
564,Ing. Quimica,2015,20
565,Ing. Electrica,2015,20
566,Ing. Mecanica,2015,20
567,Ing.Mecanica,2015,20
568,Ing. Industrial,2015,21
569,Ing. Electrica,2015,21
570,Ing. Sistemas,2015,21
571,Ing. Alimentos,2015,21
572,Ing. Sistemas,2015,21
573,Ing. Civil,2015,21
574,Ing. Alimentos,2015,21
575,Ing. Alimentos,2015,21
576,Ing. Sistemas,2015,21
577,Ing. Civil,2015,21
578,Ing. Quimica,2015,22
579,Ing. Electrica,2015,22
580,Ing. Mecanica,2015,22
581,Ing.Mecanica,2015,22
582,Ing. Industrial,2015,22
583,Ing. Electrica,2015,22
584,Ing. Sistemas,2015,22
585,Ing. Alimentos,2015,22
586,Ing. Sistemas,2015,22
587,Ing. Civil,2015,22
588,Ing. Alimentos,2015,23
589,Ing. Alimentos,2015,23
590,Ing. Sistemas,2015,23
591,Ing. Civil,2015,23
592,Ing. Quimica,2015,23
593,Ing. Electrica,2015,23
594,Ing. Mecanica,2015,23
595,Ing.Mecanica,2015,23
596,Ing. Industrial,2015,23
597,Ing. Electrica,2015,23
598,Ing. Sistemas,2015,24
599,Ing. Alimentos,2015,24
600,Ing. Sistemas,2015,24
601,Ing. Civil,2015,24
602,Ing. Alimentos,2015,24
603,Ing. Alimentos,2015,24
604,Ing. Sistemas,2015,24
605,Ing. Civil,2015,24
606,Ing. Quimica,2015,24
607,Ing. Electrica,2015,24
608,Ing. Mecanica,2015,25
609,Ing.Mecanica,2015,25
610,Ing. Industrial,2015,25
611,Ing. Electrica,2015,25
612,Ing. Sistemas,2015,25
613,Ing. Alimentos,2015,25
614,Ing. Sistemas,2015,25
615,Ing. Civil,2015,25
616,Ing. Alimentos,2015,25
617,Ing. Alimentos,2015,25
618,Ing. Sistemas,2015,26
619,Ing. Civil,2015,26
620,Ing. Quimica,2015,26
621,Ing. Electrica,2015,26
622,Ing. Mecanica,2015,26
623,Ing.Mecanica,2015,26
624,Ing. Industrial,2015,26
625,Ing. Electrica,2015,26
626,Ing. Sistemas,2015,26
627,Ing. Alimentos,2015,26
628,Ing. Sistemas,2015,27
629,Ing. Civil,2015,27
630,Ing. Alimentos,2015,27
631,Ing. Alimentos,2015,27
632,Ing. Sistemas,2015,27
633,Ing. Civil,2015,27
634,Ing. Quimica,2015,27
635,Ing. Electrica,2015,27
636,Ing. Mecanica,2015,27
637,Ing.Mecanica,2015,27
638,Ing. Industrial,2015,28
639,Ing. Electrica,2015,28
640,Ing. Sistemas,2015,28
641,Ing. Alimentos,2015,28
642,Ing. Sistemas,2015,28
643,Ing. Civil,2015,28
644,Ing. Alimentos,2015,28
645,Ing. Alimentos,2015,28
646,Ing. Sistemas,2015,28
647,Ing. Civil,2015,28
648,Ing. Quimica,2015,29
649,Ing. Electrica,2015,29
650,Ing. Mecanica,2015,29
651,Ing.Mecanica,2015,29
652,Ing. Industrial,2015,29
653,Ing. Electrica,2015,29
654,Ing. Sistemas,2015,29
655,Ing. Alimentos,2015,29
656,Ing. Sistemas,2015,29
657,Ing. Civil,2015,29
658,Ing. Alimentos,2015,30
659,Ing. Alimentos,2015,30
660,Ing. Sistemas,2015,30
661,Ing. Civil,2015,30
662,Ing. Quimica,2015,30
663,Ing. Electrica,2015,30
664,Ing. Mecanica,2015,30
665,Ing.Mecanica,2015,30
666,Ing. Industrial,2015,30
667,Ing. Electrica,2015,30
668,Ing. Sistemas,2015,31
669,Ing. Alimentos,2015,31
670,Ing. Sistemas,2015,31
671,Ing. Civil,2015,31
672,Ing. Alimentos,2015,31
673,Ing. Alimentos,2015,31
674,Ing. Sistemas,2015,31
675,Ing. Civil,2015,31
676,Ing. Quimica,2015,31
677,Ing. Electrica,2015,31
678,Ing. Mecanica,2015,32
679,Ing.Mecanica,2015,32
680,Ing. Industrial,2015,32
681,Ing. Electrica,2015,32
682,Ing. Sistemas,2015,32
683,Ing. Alimentos,2015,32
684,Ing. Sistemas,2015,32
685,Ing. Civil,2016,32
686,Ing. Alimentos,2016,32
687,Ing. Alimentos,2016,32
688,Ing. Sistemas,2016,33
689,Ing. Civil,2016,33
690,Ing. Quimica,2016,33
691,Ing. Electrica,2016,33
692,Ing. Mecanica,2016,33
693,Ing.Mecanica,2016,33
694,Ing. Industrial,2016,33
695,Ing. Electrica,2016,33
696,Ing. Sistemas,2016,33
697,Ing. Alimentos,2016,33
698,Ing. Sistemas,2016,34
699,Ing. Civil,2016,34
700,Ing. Alimentos,2016,34
701,Ing. Alimentos,2016,34
702,Ing. Sistemas,2016,34
703,Ing. Civil,2016,34
704,Ing. Quimica,2016,34
705,Ing. Electrica,2016,34
706,Ing. Mecanica,2016,34
707,Ing.Mecanica,2016,34
708,Ing. Industrial,2016,35
709,Ing. Electrica,2016,35
710,Ing. Sistemas,2016,35
711,Ing. Alimentos,2016,35
712,Ing. Sistemas,2016,35
713,Ing. Civil,2016,35
714,Ing. Alimentos,2016,35
715,Ing. Alimentos,2016,35
716,Ing. Sistemas,2016,35
717,Ing. Civil,2016,35
718,Ing. Quimica,2016,36
719,Ing. Electrica,2016,36
720,Ing. Mecanica,2016,36
721,Ing.Mecanica,2016,36
722,Ing. Industrial,2016,36
723,Ing. Electrica,2016,36
724,Ing. Sistemas,2016,36
725,Ing. Alimentos,2016,36
726,Ing. Sistemas,2016,36
727,Ing. Civil,2016,36
728,Ing. Alimentos,2016,37
729,Ing. Alimentos,2016,37
730,Ing. Sistemas,2016,37
731,Ing. Civil,2016,37
732,Ing. Quimica,2016,37
733,Ing. Electrica,2016,37
734,Ing. Mecanica,2016,37
735,Ing.Mecanica,2016,37
736,Ing. Industrial,2016,37
737,Ing. Electrica,2016,38
738,Ing. Sistemas,2016,38
739,Ing. Alimentos,2016,38
740,Ing. Sistemas,2016,38
741,Ing. Civil,2016,38
742,Ing. Alimentos,2016,38
743,Ing. Alimentos,2016,38
744,Ing. Sistemas,2016,38
745,Ing. Civil,2016,38
746,Ing. Quimica,2016,38
747,Ing. Electrica,2016,39
748,Ing. Mecanica,2016,39
749,Ing.Mecanica,2016,39
750,Ing. Industrial,2016,39
751,Ing. Electrica,2016,39
752,Ing. Sistemas,2016,39
753,Ing. Alimentos,2016,39
754,Ing. Sistemas,2016,39
755,Ing. Civil,2016,39
756,Ing. Alimentos,2016,39
757,Ing. Alimentos,2016,40
758,Ing. Sistemas,2016,40
759,Ing. Civil,2016,40
760,Ing. Quimica,2016,40
761,Ing. Electrica,2016,40
762,Ing. Mecanica,2016,40
763,Ing.Mecanica,2016,40
764,Ing. Industrial,2016,40
765,Ing. Electrica,2016,40
766,Ing. Sistemas,2016,40
767,Ing. Alimentos,2016,41
768,Ing. Sistemas,2016,41
769,Ing. Civil,2016,41
770,Ing. Alimentos,2016,41
771,Ing. Alimentos,2016,41
772,Ing. Sistemas,2016,6
773,Ing. Civil,2016,6
774,Ing. Quimica,2016,6
775,Ing. Electrica,2016,6
776,Ing. Mecanica,2016,6
777,Ing.Mecanica,2016,6
778,Ing. Industrial,2016,6
779,Ing. Electrica,2016,7
780,Ing. Sistemas,2016,7
781,Ing. Alimentos,2016,7
782,Ing. Sistemas,2016,7
783,Ing. Civil,2016,7
784,Ing. Alimentos,2016,7
785,Ing. Alimentos,2016,7
786,Ing. Sistemas,2016,7
787,Ing. Civil,2016,7
788,Ing. Quimica,2016,7
789,Ing. Electrica,2016,8
790,Ing. Mecanica,2016,8
791,Ing.Mecanica,2016,8
792,Ing. Industrial,2016,8
793,Ing. Electrica,2016,8
794,Ing. Sistemas,2016,8
795,Ing. Alimentos,2016,8
796,Ing. Sistemas,2016,8
797,Ing. Civil,2016,8
798,Ing. Alimentos,2016,8
799,Ing. Alimentos,2016,9
800,Ing. Sistemas,2016,9
801,Ing. Civil,2016,9
802,Ing. Quimica,2016,9
803,Ing. Electrica,2016,9
804,Ing. Mecanica,2016,9
805,Ing.Mecanica,2016,9
806,Ing. Industrial,2016,9
807,Ing. Electrica,2017,9
808,Ing. Sistemas,2017,9
809,Ing. Alimentos,2017,10
810,Ing. Sistemas,2017,10
811,Ing. Civil,2017,10
812,Ing. Alimentos,2017,10
813,Ing. Alimentos,2017,10
814,Ing. Sistemas,2017,10
815,Ing. Civil,2017,10
816,Ing. Quimica,2017,10
817,Ing. Electrica,2017,10
818,Ing. Mecanica,2017,10
819,Ing.Mecanica,2017,11
820,Ing. Industrial,2017,11
821,Ing. Electrica,2017,11
822,Ing. Sistemas,2017,11
823,Ing. Alimentos,2017,11
824,Ing. Sistemas,2017,11
825,Ing. Civil,2017,11
826,Ing. Alimentos,2017,11
827,Ing. Alimentos,2017,11
828,Ing. Sistemas,2017,11
829,Ing. Civil,2017,12
830,Ing. Quimica,2017,12
831,Ing. Electrica,2017,12
832,Ing. Mecanica,2017,12
833,Ing.Mecanica,2017,12
834,Ing. Industrial,2017,12
835,Ing. Electrica,2017,12
836,Ing. Sistemas,2017,12
837,Ing. Alimentos,2017,12
838,Ing. Sistemas,2017,12
839,Ing. Civil,2017,13
840,Ing. Alimentos,2017,13
841,Ing. Alimentos,2017,13
842,Ing. Sistemas,2017,13
843,Ing. Civil,2017,13
844,Ing. Quimica,2017,13
845,Ing. Electrica,2017,13
846,Ing. Mecanica,2017,13
847,Ing.Mecanica,2017,13
848,Ing. Industrial,2017,13
849,Ing. Electrica,2017,14
850,Ing. Sistemas,2017,14
851,Ing. Alimentos,2017,14
852,Ing. Sistemas,2017,14
853,Ing. Civil,2017,14
854,Ing. Alimentos,2017,14
855,Ing. Alimentos,2017,14
856,Ing. Sistemas,2017,14
857,Ing. Civil,2017,14
858,Ing. Quimica,2017,14
859,Ing. Electrica,2017,15
860,Ing. Mecanica,2017,15
861,Ing.Mecanica,2017,15
862,Ing. Industrial,2017,15
863,Ing. Electrica,2017,15
864,Ing. Sistemas,2017,15
865,Ing. Alimentos,2017,15
866,Ing. Sistemas,2017,15
867,Ing. Civil,2017,15
868,Ing. Alimentos,2017,15
869,Ing. Alimentos,2017,16
870,Ing. Sistemas,2017,16
871,Ing. Civil,2017,16
872,Ing. Quimica,2017,16
873,Ing. Electrica,2017,16
874,Ing. Mecanica,2017,16
875,Ing.Mecanica,2017,16
876,Ing. Industrial,2017,16
877,Ing. Electrica,2017,16
878,Ing. Sistemas,2017,16
879,Ing. Alimentos,2017,17
880,Ing. Sistemas,2017,17
881,Ing. Civil,2017,17
882,Ing. Alimentos,2017,17
883,Ing. Alimentos,2017,17
884,Ing. Sistemas,2017,17
885,Ing. Civil,2017,17
886,Ing. Quimica,2017,17
887,Ing. Electrica,2017,17
888,Ing. Mecanica,2017,17
889,Ing.Mecanica,2017,18
890,Ing. Industrial,2017,18
891,Ing. Electrica,2017,18
892,Ing. Sistemas,2017,18
893,Ing. Alimentos,2017,18
894,Ing. Sistemas,2017,18
895,Ing. Civil,2017,18
896,Ing. Alimentos,2017,18
897,Ing. Alimentos,2017,18
898,Ing. Sistemas,2017,18
899,Ing. Civil,2017,19
900,Ing. Quimica,2017,19
901,Ing. Electrica,2017,19
902,Ing. Mecanica,2017,19
903,Ing.Mecanica,2017,19
904,Ing. Industrial,2017,19
905,Ing. Electrica,2017,19
906,Ing. Sistemas,2017,19
907,Ing. Alimentos,2017,19
908,Ing. Sistemas,2017,19
909,Ing. Civil,2017,20
910,Ing. Alimentos,2017,20
911,Ing. Alimentos,2017,20
912,Ing. Sistemas,2017,20
913,Ing. Civil,2017,20
914,Ing. Quimica,2017,20
915,Ing. Electrica,2017,20
916,Ing. Mecanica,2017,20
917,Ing.Mecanica,2017,20
918,Ing. Industrial,2017,20
919,Ing. Electrica,2017,21
920,Ing. Sistemas,2017,21
921,Ing. Alimentos,2017,21
922,Ing. Sistemas,2017,21
923,Ing. Civil,2017,21
924,Ing. Alimentos,2017,21
925,Ing. Alimentos,2017,21
926,Ing. Sistemas,2017,21
927,Ing. Civil,2017,21
928,Ing. Quimica,2017,21
929,Ing. Electrica,2017,22
930,Ing. Mecanica,2017,22
931,Ing.Mecanica,2017,22
932,Ing. Industrial,2017,22
933,Ing. Electrica,2017,22
934,Ing. Sistemas,2017,22
935,Ing. Alimentos,2017,22
936,Ing. Sistemas,2017,22
937,Ing. Civil,2017,22
938,Ing. Alimentos,2017,22
939,Ing. Alimentos,2017,23
940,Ing. Sistemas,2017,23
941,Ing. Civil,2017,23
942,Ing. Quimica,2017,23
943,Ing. Electrica,2017,23
944,Ing. Mecanica,2017,23
945,Ing.Mecanica,2017,23
946,Ing. Industrial,2017,23
947,Ing. Electrica,2017,23
948,Ing. Sistemas,2017,23
949,Ing. Alimentos,2017,24
950,Ing. Sistemas,2017,24
951,Ing. Civil,2017,24
952,Ing. Alimentos,2017,24
953,Ing. Alimentos,2017,24
954,Ing. Sistemas,2017,24
955,Ing. Civil,2017,24
956,Ing. Quimica,2017,24
957,Ing. Electrica,2017,24
958,Ing. Mecanica,2017,24
959,Ing.Mecanica,2017,25
960,Ing. Industrial,2017,25
961,Ing. Electrica,2017,25
962,Ing. Sistemas,2017,25
963,Ing. Alimentos,2017,25
964,Ing. Sistemas,2017,25
965,Ing. Civil,2017,25
966,Ing. Alimentos,2017,25
967,Ing. Alimentos,2017,25
968,Ing. Sistemas,2017,25
969,Ing. Civil,2017,26
970,Ing. Quimica,2017,26
971,Ing. Electrica,2017,26
972,Ing. Mecanica,2017,26
973,Ing.Mecanica,2017,26
974,Ing. Industrial,2017,26
975,Ing. Electrica,2017,26
976,Ing. Sistemas,2017,26
977,Ing. Alimentos,2017,26
978,Ing. Sistemas,2017,26
979,Ing. Civil,2017,27
980,Ing. Alimentos,2017,27
981,Ing. Alimentos,2017,27
982,Ing. Sistemas,2017,27
983,Ing. Civil,2017,27
984,Ing. Quimica,2017,27
985,Ing. Electrica,2017,27
986,Ing. Mecanica,2017,27
987,Ing.Mecanica,2017,27
988,Ing. Industrial,2017,27
989,Ing. Electrica,2017,28
990,Ing. Sistemas,2017,28
991,Ing. Alimentos,2017,28
992,Ing. Sistemas,2017,28
993,Ing. Civil,2017,28
994,Ing. Alimentos,2017,28
995,Ing. Alimentos,2017,28
996,Ing. Sistemas,2017,28
997,Ing. Civil,2017,28
998,Ing. Quimica,2017,28
999,Ing. Electrica,2017,29
1000,Ing. Mecanica,2017,29
1001,Ing.Mecanica,2017,29
1002,Ing. Industrial,2017,29
1003,Ing. Electrica,2017,29
1004,Ing. Sistemas,2017,29
1005,Ing. Alimentos,2017,29
1006,Ing. Sistemas,2017,29
1007,Ing. Civil,2017,29
1008,Ing. Alimentos,2017,29
1009,Ing. Alimentos,2017,30
1010,Ing. Sistemas,2017,30
1011,Ing. Civil,2017,30
1012,Ing. Quimica,2017,30
1013,Ing. Electrica,2017,30
1014,Ing. Mecanica,2017,30
1015,Ing.Mecanica,2017,30
1016,Ing. Industrial,2017,30
1017,Ing. Electrica,2017,30
1018,Ing. Sistemas,2017,30
1019,Ing. Alimentos,2017,31
1020,Ing. Sistemas,2017,31
1021,Ing. Civil,2017,31
1022,Ing. Alimentos,2017,31
1023,Ing. Alimentos,2017,31
