id,carrera,materia,ano,ciclo,evaluaciones,repetidos
1,Ing. Alimentos,fisica,2016,1,5,5
2,Ing. Sistemas,mate,2016,2,5,5
3,Ing. Civil,metodos exp,2016,2,4,4
4,Ing. Quimica,mop,2016,2,6,6
5,Ing. Electrica,sgi,2016,1,3,3
6,Ing. Mecanica,hdp,2016,1,2,2
7,Ing.Mecanica,rhu,2016,2,5,5
8,Ing. Industrial,mep,2016,1,4,4
9,Ing. Electrica,bad,2016,1,5,5
10,Ing. Sistemas,tds,2016,2,5,5
11,Ing. Alimentos,fisica,2016,1,4,4
12,Ing. Sistemas,mate,2016,1,6,6
13,Ing. Civil,metodos exp,2016,1,3,3
14,Ing. Quimica,mop,2016,2,2,2
15,Ing. Electrica,sgi,2016,2,5,5
16,Ing. Mecanica,hdp,2016,1,4,4
17,Ing.Mecanica,rhu,2016,2,5,5
18,Ing. Industrial,mep,2016,1,5,5
19,Ing. Electrica,bad,2016,2,4,4
20,Ing. Sistemas,tds,2016,1,6,6
21,Ing. Alimentos,fisica,2016,2,3,3
22,Ing. Sistemas,mate,2016,2,2,2
23,Ing. Civil,metodos exp,2016,2,5,5
24,Ing. Quimica,mop,2016,1,4,4
25,Ing. Electrica,sgi,2016,1,5,5
26,Ing. Mecanica,hdp,2016,2,5,5
27,Ing.Mecanica,rhu,2016,1,4,4
28,Ing. Industrial,mep,2016,1,6,6
29,Ing. Electrica,bad,2016,2,3,3
30,Ing. Sistemas,tds,2016,1,2,2
31,Ing. Alimentos,fisica,2016,1,5,5
32,Ing. Sistemas,mate,2016,1,4,4
33,Ing. Civil,metodos exp,2016,2,5,5
34,Ing. Quimica,mop,2016,2,5,5
35,Ing. Electrica,sgi,2016,1,4,4
36,Ing. Mecanica,hdp,2016,2,6,6
37,Ing.Mecanica,rhu,2016,1,3,3
38,Ing. Industrial,mep,2016,2,2,2
39,Ing. Electrica,bad,2016,1,5,5
40,Ing. Sistemas,tds,2016,2,4,4
41,Ing. Alimentos,fisica,2016,2,5,5
42,Ing. Sistemas,mate,2016,2,5,5
43,Ing. Civil,metodos exp,2016,1,4,4
44,Ing. Quimica,mop,2016,1,6,6
45,Ing. Electrica,sgi,2016,2,3,3
46,Ing. Mecanica,hdp,2016,1,2,2
47,Ing.Mecanica,rhu,2016,1,5,5
48,Ing. Industrial,mep,2016,2,4,4
49,Ing. Electrica,bad,2016,1,5,5
50,Ing. Sistemas,tds,2016,1,5,5
51,Ing. Alimentos,fisica,2016,1,4,4
52,Ing. Sistemas,mate,2016,2,6,6
53,Ing. Civil,metodos exp,2016,2,3,3
54,Ing. Quimica,mop,2016,1,2,2
55,Ing. Electrica,sgi,2016,2,5,5
56,Ing. Mecanica,hdp,2016,1,4,4
57,Ing.Mecanica,rhu,2016,2,5,5
58,Ing. Industrial,mep,2016,1,5,5
59,Ing. Electrica,bad,2016,2,4,4
60,Ing. Sistemas,tds,2016,2,6,6
61,Ing. Alimentos,fisica,2016,2,3,3
62,Ing. Sistemas,mate,2016,1,2,2
63,Ing. Civil,metodos exp,2016,1,5,5
64,Ing. Quimica,mop,2016,2,4,4
65,Ing. Electrica,sgi,2016,1,5,5
66,Ing. Mecanica,hdp,2016,1,5,5
67,Ing.Mecanica,rhu,2016,2,4,4
68,Ing. Industrial,mep,2016,1,6,6
69,Ing. Electrica,bad,2016,1,3,3
70,Ing. Sistemas,tds,2016,1,2,2
71,Ing. Alimentos,fisica,2016,2,5,5
72,Ing. Sistemas,mate,2016,2,4,4
73,Ing. Civil,metodos exp,2016,1,5,5
74,Ing. Quimica,mop,2016,2,5,5
75,Ing. Electrica,sgi,2016,1,4,4
76,Ing. Mecanica,hdp,2016,2,6,6
77,Ing.Mecanica,rhu,2016,1,3,3
78,Ing. Industrial,mep,2016,2,2,2
79,Ing. Electrica,bad,2016,2,5,5
80,Ing. Sistemas,tds,2016,2,4,4
81,Ing. Alimentos,fisica,2016,1,5,5
82,Ing. Sistemas,mate,2016,1,5,5
83,Ing. Civil,metodos exp,2016,2,4,4
84,Ing. Quimica,mop,2016,1,6,6
85,Ing. Electrica,sgi,2016,1,3,3
86,Ing. Mecanica,hdp,2016,2,2,2
87,Ing.Mecanica,rhu,2016,1,5,5
88,Ing. Industrial,mep,2016,1,4,4
89,Ing. Electrica,bad,2016,1,5,5
90,Ing. Sistemas,tds,2016,2,5,5
91,Ing. Alimentos,fisica,2016,2,4,4
92,Ing. Sistemas,mate,2016,1,6,6
93,Ing. Civil,metodos exp,2016,2,3,3
94,Ing. Quimica,mop,2016,1,2,2
95,Ing. Electrica,sgi,2016,2,5,5
96,Ing. Mecanica,hdp,2016,1,4,4
97,Ing.Mecanica,rhu,2016,2,5,5
98,Ing. Industrial,mep,2016,2,5,5
99,Ing. Electrica,bad,2016,2,4,4
100,Ing. Sistemas,tds,2016,1,6,6
101,Ing. Alimentos,fisica,2016,1,3,3
102,Ing. Sistemas,mate,2016,2,2,2
103,Ing. Civil,metodos exp,2016,1,5,5
104,Ing. Quimica,mop,2016,1,4,4
105,Ing. Electrica,sgi,2016,2,5,5
106,Ing. Mecanica,hdp,2016,1,5,5
107,Ing.Mecanica,rhu,2016,1,4,4
108,Ing. Industrial,mep,2016,1,6,6
109,Ing. Electrica,bad,2016,2,3,3
110,Ing. Sistemas,tds,2016,2,2,2
111,Ing. Alimentos,fisica,2016,1,5,5
112,Ing. Sistemas,mate,2016,2,4,4
113,Ing. Civil,metodos exp,2016,1,5,5
114,Ing. Quimica,mop,2016,2,5,5
115,Ing. Electrica,sgi,2016,1,4,4
116,Ing. Mecanica,hdp,2016,2,6,6
117,Ing.Mecanica,rhu,2016,2,3,3
118,Ing. Industrial,mep,2016,2,2,2
119,Ing. Electrica,bad,2016,1,5,5
120,Ing. Sistemas,tds,2016,1,4,4
121,Ing. Alimentos,fisica,2016,2,5,5
122,Ing. Sistemas,mate,2016,1,5,5
123,Ing. Civil,metodos exp,2016,1,4,4
124,Ing. Quimica,mop,2016,2,6,6
125,Ing. Electrica,sgi,2016,1,3,3
126,Ing. Mecanica,hdp,2016,1,2,2
127,Ing.Mecanica,rhu,2016,1,5,5
128,Ing. Industrial,mep,2016,2,4,4
129,Ing. Electrica,bad,2016,2,5,5
130,Ing. Sistemas,tds,2016,1,5,5
131,Ing. Alimentos,fisica,2016,2,4,4
132,Ing. Sistemas,mate,2016,1,6,6
133,Ing. Civil,metodos exp,2016,2,3,3
134,Ing. Quimica,mop,2016,1,2,2
135,Ing. Electrica,sgi,2016,2,5,5
136,Ing. Mecanica,hdp,2016,2,4,4
137,Ing.Mecanica,rhu,2016,2,5,5
138,Ing. Industrial,mep,2016,1,5,5
139,Ing. Electrica,bad,2016,1,4,4
140,Ing. Sistemas,tds,2016,2,6,6
141,Ing. Alimentos,fisica,2016,1,3,3
142,Ing. Sistemas,mate,2016,1,2,2
143,Ing. Civil,metodos exp,2016,2,5,5
144,Ing. Quimica,mop,2016,1,4,4
145,Ing. Electrica,sgi,2016,1,5,5
146,Ing. Mecanica,hdp,2016,1,5,5
147,Ing.Mecanica,rhu,2016,2,4,4
148,Ing. Industrial,mep,2016,2,6,6
149,Ing. Electrica,bad,2016,1,3,3
150,Ing. Sistemas,tds,2016,2,2,2
151,Ing. Alimentos,fisica,2016,1,5,5
152,Ing. Sistemas,mate,2016,2,4,4
153,Ing. Civil,metodos exp,2016,1,5,5
154,Ing. Quimica,mop,2016,2,5,5
155,Ing. Electrica,sgi,2016,2,4,4
156,Ing. Mecanica,hdp,2016,2,6,6
157,Ing.Mecanica,rhu,2016,1,3,3
158,Ing. Industrial,mep,2016,1,2,2
159,Ing. Electrica,bad,2016,2,5,5
160,Ing. Sistemas,tds,2016,1,4,4
161,Ing. Alimentos,fisica,2016,1,5,5
162,Ing. Sistemas,mate,2016,2,5,5
163,Ing. Civil,metodos exp,2016,1,4,4
164,Ing. Quimica,mop,2016,1,6,6
165,Ing. Electrica,sgi,2016,1,3,3
166,Ing. Mecanica,hdp,2016,2,2,2
167,Ing.Mecanica,rhu,2016,2,5,5
168,Ing. Industrial,mep,2016,1,4,4
169,Ing. Electrica,bad,2016,2,5,5
170,Ing. Sistemas,tds,2016,1,5,5
171,Ing. Alimentos,fisica,2016,2,4,4
172,Ing. Sistemas,mate,2016,1,6,6
173,Ing. Civil,metodos exp,2016,2,3,3
174,Ing. Quimica,mop,2016,2,2,2
175,Ing. Electrica,sgi,2016,2,5,5
176,Ing. Mecanica,hdp,2016,1,4,4
177,Ing.Mecanica,rhu,2016,1,5,5
178,Ing. Industrial,mep,2016,2,5,5
179,Ing. Electrica,bad,2016,1,4,4
180,Ing. Sistemas,tds,2016,1,6,6
181,Ing. Alimentos,fisica,2016,2,3,3
182,Ing. Sistemas,mate,2016,1,2,2
183,Ing. Civil,metodos exp,2016,1,5,5
184,Ing. Quimica,mop,2016,1,4,4
185,Ing. Electrica,sgi,2016,2,5,5
186,Ing. Mecanica,hdp,2016,2,5,5
187,Ing.Mecanica,rhu,2016,1,4,4
188,Ing. Industrial,mep,2016,2,6,6
189,Ing. Electrica,bad,2016,1,3,3
190,Ing. Sistemas,tds,2016,2,2,2
191,Ing. Alimentos,fisica,2016,1,5,5
192,Ing. Sistemas,mate,2016,2,4,4
193,Ing. Civil,metodos exp,2016,2,5,5
194,Ing. Quimica,mop,2016,2,5,5
195,Ing. Electrica,sgi,2016,1,4,4
196,Ing. Mecanica,hdp,2016,1,6,6
197,Ing.Mecanica,rhu,2016,2,3,3
198,Ing. Industrial,mep,2016,1,2,2
199,Ing. Electrica,bad,2016,1,5,5
200,Ing. Sistemas,tds,2016,2,4,4
201,Ing. Alimentos,fisica,2016,1,5,5
202,Ing. Sistemas,mate,2016,1,5,5
203,Ing. Civil,metodos exp,2016,1,4,4
204,Ing. Quimica,mop,2016,2,6,6
205,Ing. Electrica,sgi,2016,2,3,3
206,Ing. Mecanica,hdp,2016,1,2,2
207,Ing.Mecanica,rhu,2016,2,5,5
208,Ing. Industrial,mep,2016,1,4,4
209,Ing. Electrica,bad,2016,2,5,5
210,Ing. Sistemas,tds,2016,1,5,5
211,Ing. Alimentos,fisica,2016,2,4,4
212,Ing. Sistemas,mate,2016,2,6,6
213,Ing. Civil,metodos exp,2016,2,3,3
214,Ing. Quimica,mop,2016,1,2,2
215,Ing. Electrica,sgi,2016,1,5,5
216,Ing. Mecanica,hdp,2016,2,4,4
217,Ing.Mecanica,rhu,2016,1,5,5
218,Ing. Industrial,mep,2016,1,5,5
219,Ing. Electrica,bad,2016,2,4,4
220,Ing. Sistemas,tds,2016,1,6,6
221,Ing. Alimentos,fisica,2016,1,3,3
222,Ing. Sistemas,mate,2016,1,2,2
223,Ing. Civil,metodos exp,2016,2,5,5
224,Ing. Quimica,mop,2016,2,4,4
225,Ing. Electrica,sgi,2016,1,5,5
226,Ing. Mecanica,hdp,2016,2,5,5
227,Ing.Mecanica,rhu,2016,1,4,4
228,Ing. Industrial,mep,2016,2,6,6
229,Ing. Electrica,bad,2016,1,3,3
230,Ing. Sistemas,tds,2016,2,2,2
231,Ing. Alimentos,fisica,2016,2,5,5
232,Ing. Sistemas,mate,2016,2,4,4
233,Ing. Civil,metodos exp,2016,1,5,5
234,Ing. Quimica,mop,2016,1,5,5
235,Ing. Electrica,sgi,2016,2,4,4
236,Ing. Mecanica,hdp,2016,1,6,6
237,Ing.Mecanica,rhu,2016,1,3,3
238,Ing. Industrial,mep,2016,2,2,2
239,Ing. Electrica,bad,2016,1,5,5
240,Ing. Sistemas,tds,2016,1,4,4
241,Ing. Alimentos,fisica,2016,1,5,5
242,Ing. Sistemas,mate,2016,2,5,5
243,Ing. Civil,metodos exp,2016,2,4,4
244,Ing. Quimica,mop,2016,1,6,6
245,Ing. Electrica,sgi,2016,2,3,3
246,Ing. Mecanica,hdp,2016,1,2,2
247,Ing.Mecanica,rhu,2016,2,5,5
248,Ing. Industrial,mep,2016,1,4,4
249,Ing. Electrica,bad,2016,2,5,5
250,Ing. Sistemas,tds,2016,2,5,5
251,Ing. Alimentos,fisica,2016,2,4,4
252,Ing. Sistemas,mate,2016,1,6,6
253,Ing. Civil,metodos exp,2016,1,3,3
254,Ing. Quimica,mop,2016,2,2,2
255,Ing. Electrica,sgi,2016,1,5,5
256,Ing. Mecanica,hdp,2016,1,4,4
257,Ing.Mecanica,rhu,2016,2,5,5
258,Ing. Industrial,mep,2016,1,5,5
259,Ing. Electrica,bad,2016,1,4,4
260,Ing. Sistemas,tds,2016,1,6,6
261,Ing. Alimentos,fisica,2016,2,3,3
262,Ing. Sistemas,mate,2016,2,2,2
263,Ing. Civil,metodos exp,2016,1,5,5
264,Ing. Quimica,mop,2016,2,4,4
265,Ing. Electrica,sgi,2016,1,5,5
266,Ing. Mecanica,hdp,2016,2,5,5
267,Ing.Mecanica,rhu,2016,1,4,4
268,Ing. Industrial,mep,2016,2,6,6
269,Ing. Electrica,bad,2016,2,3,3
270,Ing. Sistemas,tds,2016,2,2,2
271,Ing. Alimentos,fisica,2016,1,5,5
272,Ing. Sistemas,mate,2016,1,4,4
273,Ing. Civil,metodos exp,2016,2,4,4
274,Ing. Quimica,mop,2016,1,4,4
275,Ing. Electrica,sgi,2016,1,4,4
276,Ing. Mecanica,hdp,2016,2,4,4
277,Ing.Mecanica,rhu,2016,1,4,4
278,Ing. Industrial,mep,2016,1,4,4
279,Ing. Electrica,bad,2016,1,4,4
280,Ing. Sistemas,tds,2016,2,4,4
281,Ing. Alimentos,fisica,2016,2,4,4
282,Ing. Sistemas,mate,2016,1,4,4
283,Ing. Civil,metodos exp,2016,2,4,4
284,Ing. Quimica,mop,2016,1,4,4
285,Ing. Electrica,sgi,2016,2,4,4
286,Ing. Mecanica,hdp,2016,1,4,4
287,Ing.Mecanica,rhu,2016,2,5,5
288,Ing. Industrial,mep,2016,2,5,5
289,Ing. Electrica,bad,2016,2,5,5
290,Ing. Sistemas,tds,2016,1,5,5
291,Ing. Alimentos,fisica,2016,1,5,5
292,Ing. Sistemas,mate,2016,2,5,5
293,Ing. Civil,metodos exp,2016,1,5,5
294,Ing. Quimica,mop,2016,1,5,5
295,Ing. Electrica,sgi,2016,2,5,5
296,Ing. Mecanica,hdp,2016,1,5,5
297,Ing.Mecanica,rhu,2016,1,5,5
298,Ing. Industrial,mep,2016,1,5,5
299,Ing. Electrica,bad,2016,2,5,5
300,Ing. Sistemas,tds,2016,2,5,5
301,Ing. Alimentos,fisica,2016,1,5,5
302,Ing. Sistemas,mate,2016,2,5,5
303,Ing. Civil,metodos exp,2016,1,5,5
304,Ing. Quimica,mop,2016,2,5,5
305,Ing. Electrica,sgi,2016,1,5,5
306,Ing. Mecanica,hdp,2016,2,5,5
307,Ing.Mecanica,rhu,2016,2,5,5
308,Ing. Industrial,mep,2016,2,5,5
309,Ing. Electrica,bad,2016,1,5,5
310,Ing. Sistemas,tds,2016,1,5,5
311,Ing. Alimentos,fisica,2016,2,5,5
312,Ing. Sistemas,mate,2016,1,5,5
313,Ing. Civil,metodos exp,2016,1,5,5
314,Ing. Quimica,mop,2016,2,5,5
315,Ing. Electrica,sgi,2016,1,5,5
316,Ing. Mecanica,hdp,2016,1,5,5
317,Ing.Mecanica,rhu,2016,1,5,5
318,Ing. Industrial,mep,2016,2,5,5
319,Ing. Electrica,bad,2016,2,5,5
320,Ing. Sistemas,tds,2016,1,5,5
321,Ing. Alimentos,fisica,2016,2,5,5
322,Ing. Sistemas,mate,2016,1,5,5
323,Ing. Civil,metodos exp,2016,2,5,5
324,Ing. Quimica,mop,2016,1,5,5
325,Ing. Electrica,sgi,2016,2,5,5
326,Ing. Mecanica,hdp,2016,2,5,5
327,Ing.Mecanica,rhu,2016,2,5,5
328,Ing. Industrial,mep,2016,1,5,5
329,Ing. Electrica,bad,2016,1,5,5
330,Ing. Sistemas,tds,2016,2,5,5
331,Ing. Alimentos,fisica,2016,1,5,5
332,Ing. Sistemas,mate,2016,1,5,5
333,Ing. Civil,metodos exp,2016,2,5,5
334,Ing. Quimica,mop,2016,1,5,5
335,Ing. Electrica,sgi,2016,1,5,5
336,Ing. Mecanica,hdp,2016,1,5,5
337,Ing.Mecanica,rhu,2016,2,5,5
338,Ing. Industrial,mep,2016,2,5,5
339,Ing. Electrica,bad,2016,1,5,5
340,Ing. Sistemas,tds,2016,2,5,5
341,Ing. Alimentos,fisica,2016,1,5,5
342,Ing. Sistemas,mate,2016,2,5,5
343,Ing. Civil,metodos exp,2016,1,5,5
344,Ing. Quimica,mop,2016,2,5,5
345,Ing. Electrica,sgi,2016,2,5,5
346,Ing. Mecanica,hdp,2016,2,5,5
347,Ing.Mecanica,rhu,2016,1,5,5
348,Ing. Industrial,mep,2016,1,6,6
349,Ing. Electrica,bad,2016,2,6,6
350,Ing. Sistemas,tds,2016,1,6,6
351,Ing. Alimentos,fisica,2016,1,6,6
352,Ing. Sistemas,mate,2016,2,6,6
353,Ing. Civil,metodos exp,2016,1,6,6
354,Ing. Quimica,mop,2016,1,6,6
355,Ing. Electrica,sgi,2016,1,6,6
356,Ing. Mecanica,hdp,2016,2,6,6
357,Ing.Mecanica,rhu,2016,2,6,6
358,Ing. Industrial,mep,2016,1,6,6
359,Ing. Electrica,bad,2016,2,6,6
360,Ing. Sistemas,tds,2016,1,6,6
361,Ing. Alimentos,fisica,2016,2,6,6
362,Ing. Sistemas,mate,2016,1,6,6
363,Ing. Civil,metodos exp,2016,2,6,6
364,Ing. Quimica,mop,2016,2,6,6
365,Ing. Electrica,sgi,2016,2,6,6
366,Ing. Mecanica,hdp,2016,1,6,6
367,Ing.Mecanica,rhu,2016,1,6,6
368,Ing. Industrial,mep,2016,2,6,6
369,Ing. Electrica,bad,2016,1,6,6
370,Ing. Sistemas,tds,2016,1,6,6
371,Ing. Alimentos,fisica,2016,2,6,6
372,Ing. Sistemas,mate,2016,1,6,6
373,Ing. Civil,metodos exp,2016,1,6,6
374,Ing. Quimica,mop,2016,1,6,6
375,Ing. Electrica,sgi,2016,2,6,6
376,Ing. Mecanica,hdp,2016,2,6,6
377,Ing.Mecanica,rhu,2016,1,6,6
378,Ing. Industrial,mep,2016,2,6,6
379,Ing. Electrica,bad,2016,1,6,6
380,Ing. Sistemas,tds,2016,2,6,6
381,Ing. Alimentos,fisica,2016,1,6,6
382,Ing. Sistemas,mate,2016,2,6,6
383,Ing. Civil,metodos exp,2016,2,6,6
384,Ing. Quimica,mop,2016,2,6,6
385,Ing. Electrica,sgi,2016,1,6,6
386,Ing. Mecanica,hdp,2016,1,6,6
387,Ing.Mecanica,rhu,2016,2,6,6
388,Ing. Industrial,mep,2016,1,6,6
389,Ing. Electrica,bad,2016,1,6,6
390,Ing. Sistemas,tds,2016,2,6,6
391,Ing. Alimentos,fisica,2016,1,6,6
392,Ing. Sistemas,mate,2016,1,6,6
393,Ing. Civil,metodos exp,2016,1,6,6
394,Ing. Quimica,mop,2016,2,6,6
395,Ing. Electrica,sgi,2016,2,6,6
396,Ing. Mecanica,hdp,2016,1,6,6
397,Ing.Mecanica,rhu,2016,2,6,6
398,Ing. Industrial,mep,2016,1,6,6
399,Ing. Electrica,bad,2016,2,6,6
400,Ing. Sistemas,tds,2016,1,6,6
401,Ing. Alimentos,fisica,2016,2,6,6
402,Ing. Sistemas,mate,2016,2,6,6
403,Ing. Civil,metodos exp,2016,2,6,6
404,Ing. Quimica,mop,2016,1,6,6
405,Ing. Electrica,sgi,2016,1,6,6
406,Ing. Mecanica,hdp,2016,2,6,6
407,Ing.Mecanica,rhu,2016,1,6,6
408,Ing. Industrial,mep,2016,1,7,7
409,Ing. Electrica,bad,2016,2,7,7
410,Ing. Sistemas,tds,2016,1,7,7
411,Ing. Alimentos,fisica,2016,1,7,7
412,Ing. Sistemas,mate,2016,1,7,7
413,Ing. Civil,metodos exp,2016,2,7,7
414,Ing. Quimica,mop,2016,2,7,7
415,Ing. Electrica,sgi,2016,1,7,7
416,Ing. Mecanica,hdp,2016,2,7,7
417,Ing.Mecanica,rhu,2016,1,7,7
418,Ing. Industrial,mep,2016,2,7,7
419,Ing. Electrica,bad,2016,1,7,7
420,Ing. Sistemas,tds,2016,2,7,7
421,Ing. Alimentos,fisica,2016,2,7,7
422,Ing. Sistemas,mate,2016,2,7,7
423,Ing. Civil,metodos exp,2016,1,7,7
424,Ing. Quimica,mop,2016,1,7,7
425,Ing. Electrica,sgi,2016,2,7,7
426,Ing. Mecanica,hdp,2016,1,7,7
427,Ing.Mecanica,rhu,2016,1,7,7
428,Ing. Industrial,mep,2016,2,7,7
429,Ing. Electrica,bad,2016,1,7,7
430,Ing. Sistemas,tds,2016,1,7,7
431,Ing. Alimentos,fisica,2016,1,7,7
432,Ing. Sistemas,mate,2016,2,7,7
433,Ing. Civil,metodos exp,2016,2,7,7
434,Ing. Quimica,mop,2016,1,7,7
435,Ing. Electrica,sgi,2016,2,7,7
436,Ing. Mecanica,hdp,2016,1,7,7
437,Ing.Mecanica,rhu,2016,2,7,7
438,Ing. Industrial,mep,2016,1,7,7
439,Ing. Electrica,bad,2016,2,7,7
440,Ing. Sistemas,tds,2016,2,7,7
441,Ing. Alimentos,fisica,2016,2,7,7
442,Ing. Sistemas,mate,2016,1,7,7
443,Ing. Civil,metodos exp,2016,1,7,7
444,Ing. Quimica,mop,2016,2,7,7
445,Ing. Electrica,sgi,2016,1,7,7
446,Ing. Mecanica,hdp,2016,1,7,7
447,Ing.Mecanica,rhu,2016,2,7,7
448,Ing. Industrial,mep,2016,1,7,7
449,Ing. Electrica,bad,2016,1,7,7
450,Ing. Sistemas,tds,2016,1,7,7
451,Ing. Alimentos,fisica,2016,2,7,7
452,Ing. Sistemas,mate,2016,2,7,7
453,Ing. Civil,metodos exp,2016,1,7,7
454,Ing. Quimica,mop,2016,2,7,7
455,Ing. Electrica,sgi,2017,1,7,7
456,Ing. Mecanica,hdp,2017,2,7,7
457,Ing.Mecanica,rhu,2017,1,7,7
458,Ing. Industrial,mep,2017,2,7,7
459,Ing. Electrica,bad,2017,2,7,7
460,Ing. Sistemas,tds,2017,2,7,7
461,Ing. Alimentos,fisica,2017,1,7,7
462,Ing. Sistemas,mate,2017,1,7,7
463,Ing. Civil,metodos exp,2017,2,7,7
464,Ing. Quimica,mop,2017,1,7,7
465,Ing. Electrica,sgi,2017,1,7,7
466,Ing. Mecanica,hdp,2017,2,7,7
467,Ing.Mecanica,rhu,2017,1,7,7
468,Ing. Industrial,mep,2017,1,7,7
469,Ing. Electrica,bad,2017,1,8,8
470,Ing. Sistemas,tds,2017,2,8,8
471,Ing. Alimentos,fisica,2017,2,8,8
472,Ing. Sistemas,mate,2017,1,8,8
473,Ing. Civil,metodos exp,2017,2,8,8
474,Ing. Quimica,mop,2017,1,8,8
475,Ing. Electrica,sgi,2017,2,8,8
476,Ing. Mecanica,hdp,2017,1,8,8
477,Ing.Mecanica,rhu,2017,2,8,8
478,Ing. Industrial,mep,2017,2,8,8
479,Ing. Electrica,bad,2017,2,8,8
480,Ing. Sistemas,tds,2017,1,8,8
481,Ing. Alimentos,fisica,2017,1,8,8
482,Ing. Sistemas,mate,2017,2,8,8
483,Ing. Civil,metodos exp,2017,1,8,8
484,Ing. Quimica,mop,2017,1,8,8
485,Ing. Electrica,sgi,2017,2,8,8
486,Ing. Mecanica,hdp,2017,1,8,8
487,Ing.Mecanica,rhu,2017,1,8,8
488,Ing. Industrial,mep,2017,1,8,8
489,Ing. Electrica,bad,2017,2,8,8
490,Ing. Sistemas,tds,2017,2,8,8
491,Ing. Alimentos,fisica,2017,1,8,8
492,Ing. Sistemas,mate,2017,2,8,8
493,Ing. Civil,metodos exp,2017,1,8,8
494,Ing. Quimica,mop,2017,2,8,8
495,Ing. Electrica,sgi,2017,1,8,8
496,Ing. Mecanica,hdp,2017,2,8,8
497,Ing.Mecanica,rhu,2017,2,8,8
498,Ing. Industrial,mep,2017,2,8,8
499,Ing. Electrica,bad,2017,1,8,8
500,Ing. Sistemas,tds,2017,1,8,8
501,Ing. Alimentos,fisica,2017,2,8,8
502,Ing. Sistemas,mate,2017,1,8,8
503,Ing. Civil,metodos exp,2017,1,8,8
504,Ing. Quimica,mop,2017,2,8,8
505,Ing. Electrica,sgi,2017,1,8,8
506,Ing. Mecanica,hdp,2017,1,8,8
507,Ing.Mecanica,rhu,2017,1,8,8
508,Ing. Industrial,mep,2017,2,8,8
509,Ing. Electrica,bad,2017,2,8,8
510,Ing. Sistemas,tds,2017,1,8,8
511,Ing. Alimentos,fisica,2017,2,8,8
512,Ing. Sistemas,mate,2017,1,8,8
513,Ing. Civil,metodos exp,2017,2,8,8
514,Ing. Quimica,mop,2017,1,8,8
515,Ing. Electrica,sgi,2017,2,8,8
516,Ing. Mecanica,hdp,2017,2,8,8
517,Ing.Mecanica,rhu,2017,2,8,8
518,Ing. Industrial,mep,2017,1,8,8
519,Ing. Electrica,bad,2017,1,8,8
520,Ing. Sistemas,tds,2017,2,8,8
521,Ing. Alimentos,fisica,2017,1,8,8
522,Ing. Sistemas,mate,2017,1,8,8
523,Ing. Civil,metodos exp,2017,2,8,8
524,Ing. Quimica,mop,2017,1,8,8
525,Ing. Electrica,sgi,2017,1,8,8
526,Ing. Mecanica,hdp,2017,1,8,8
527,Ing.Mecanica,rhu,2017,2,8,8
528,Ing. Industrial,mep,2017,2,8,8
529,Ing. Electrica,bad,2017,1,9,9
530,Ing. Sistemas,tds,2017,2,9,9
531,Ing. Alimentos,fisica,2017,1,9,9
532,Ing. Sistemas,mate,2017,2,9,9
533,Ing. Civil,metodos exp,2017,1,9,9
534,Ing. Quimica,mop,2017,2,9,9
535,Ing. Electrica,sgi,2017,2,9,9
536,Ing. Mecanica,hdp,2017,2,9,9
537,Ing.Mecanica,rhu,2017,1,9,9
538,Ing. Industrial,mep,2017,1,9,9
539,Ing. Electrica,bad,2017,2,9,9
540,Ing. Sistemas,tds,2017,1,9,9
541,Ing. Alimentos,fisica,2017,1,9,9
542,Ing. Sistemas,mate,2017,2,9,9
543,Ing. Civil,metodos exp,2017,1,9,9
544,Ing. Quimica,mop,2017,1,9,9
545,Ing. Electrica,sgi,2017,1,9,9
546,Ing. Mecanica,hdp,2017,2,9,9
547,Ing.Mecanica,rhu,2017,2,9,9
548,Ing. Industrial,mep,2017,1,9,9
549,Ing. Electrica,bad,2017,2,9,9
550,Ing. Sistemas,tds,2017,1,9,9
551,Ing. Alimentos,fisica,2017,2,9,9
552,Ing. Sistemas,mate,2017,1,9,9
553,Ing. Civil,metodos exp,2017,2,9,9
554,Ing. Quimica,mop,2017,2,9,9
555,Ing. Electrica,sgi,2017,2,9,9
556,Ing. Mecanica,hdp,2017,1,9,9
557,Ing.Mecanica,rhu,2017,1,9,9
558,Ing. Industrial,mep,2017,2,9,9
559,Ing. Electrica,bad,2017,1,9,9
560,Ing. Sistemas,tds,2017,1,9,9
561,Ing. Alimentos,fisica,2017,2,9,9
562,Ing. Sistemas,mate,2017,1,9,9
563,Ing. Civil,metodos exp,2017,1,9,9
564,Ing. Quimica,mop,2017,1,9,9
565,Ing. Electrica,sgi,2017,2,9,9
566,Ing. Mecanica,hdp,2017,2,9,9
567,Ing.Mecanica,rhu,2017,1,9,9
568,Ing. Industrial,mep,2017,2,9,9
569,Ing. Electrica,bad,2017,1,9,9
570,Ing. Sistemas,tds,2017,2,9,9
571,Ing. Alimentos,fisica,2017,1,9,9
572,Ing. Sistemas,mate,2017,2,9,9
573,Ing. Civil,metodos exp,2017,2,9,9
574,Ing. Quimica,mop,2017,2,9,9
575,Ing. Electrica,sgi,2017,1,9,9
576,Ing. Mecanica,hdp,2017,1,9,9
577,Ing.Mecanica,rhu,2017,2,9,9
578,Ing. Industrial,mep,2017,1,9,9
579,Ing. Electrica,bad,2017,1,9,9
580,Ing. Sistemas,tds,2017,2,9,9
581,Ing. Alimentos,fisica,2017,1,9,9
582,Ing. Sistemas,mate,2017,1,9,9
583,Ing. Civil,metodos exp,2017,1,9,9
584,Ing. Quimica,mop,2017,2,9,9
585,Ing. Electrica,sgi,2017,2,9,9
586,Ing. Mecanica,hdp,2017,1,9,9
587,Ing.Mecanica,rhu,2017,2,9,9
588,Ing. Industrial,mep,2017,1,9,9
589,Ing. Electrica,bad,2017,2,10,10
590,Ing. Sistemas,tds,2017,1,10,10
591,Ing. Alimentos,fisica,2017,2,10,10
592,Ing. Sistemas,mate,2017,2,10,10
593,Ing. Civil,metodos exp,2017,2,10,10
594,Ing. Quimica,mop,2017,1,10,10
595,Ing. Electrica,sgi,2017,1,10,10
596,Ing. Mecanica,hdp,2017,2,10,10
597,Ing.Mecanica,rhu,2017,1,10,10
598,Ing. Industrial,mep,2017,1,10,10
599,Ing. Electrica,bad,2017,2,10,10
600,Ing. Sistemas,tds,2017,1,10,10
601,Ing. Alimentos,fisica,2017,1,10,10
602,Ing. Sistemas,mate,2017,1,10,10
603,Ing. Civil,metodos exp,2017,2,10,10
604,Ing. Quimica,mop,2017,2,10,10
605,Ing. Electrica,sgi,2017,1,10,10
606,Ing. Mecanica,hdp,2017,2,10,10
607,Ing.Mecanica,rhu,2017,1,10,10
608,Ing. Industrial,mep,2017,2,10,10
609,Ing. Electrica,bad,2017,1,10,10
610,Ing. Sistemas,tds,2017,2,10,10
611,Ing. Alimentos,fisica,2017,2,10,10
612,Ing. Sistemas,mate,2017,2,10,10
613,Ing. Civil,metodos exp,2017,1,10,10
614,Ing. Quimica,mop,2017,1,10,10
615,Ing. Electrica,sgi,2017,2,10,10
616,Ing. Mecanica,hdp,2017,1,10,10
617,Ing.Mecanica,rhu,2017,1,10,10
618,Ing. Industrial,mep,2017,2,10,10
619,Ing. Electrica,bad,2017,1,10,10
620,Ing. Sistemas,tds,2017,1,10,10
621,Ing. Alimentos,fisica,2017,1,10,10
622,Ing. Sistemas,mate,2017,2,10,10
623,Ing. Civil,metodos exp,2017,2,10,10
624,Ing. Quimica,mop,2017,1,10,10
625,Ing. Electrica,sgi,2017,2,10,10
626,Ing. Mecanica,hdp,2017,1,10,10
627,Ing.Mecanica,rhu,2017,2,10,10
628,Ing. Industrial,mep,2017,1,10,10
629,Ing. Electrica,bad,2017,2,10,10
630,Ing. Sistemas,tds,2017,2,10,10
631,Ing. Alimentos,fisica,2017,2,10,10
632,Ing. Sistemas,mate,2017,1,10,10
633,Ing. Civil,metodos exp,2017,1,10,10
634,Ing. Quimica,mop,2017,2,10,10
635,Ing. Electrica,sgi,2017,1,10,10
636,Ing. Mecanica,hdp,2017,1,10,10
637,Ing.Mecanica,rhu,2017,2,10,10
638,Ing. Industrial,mep,2017,1,10,10
639,Ing. Electrica,bad,2017,1,10,10
640,Ing. Sistemas,tds,2017,1,10,10
641,Ing. Alimentos,fisica,2017,2,10,10
642,Ing. Sistemas,mate,2017,2,10,10
643,Ing. Civil,metodos exp,2017,1,10,10
644,Ing. Quimica,mop,2017,2,10,10
645,Ing. Electrica,sgi,2017,1,10,10
646,Ing. Mecanica,hdp,2017,2,10,10
647,Ing.Mecanica,rhu,2017,1,10,10
648,Ing. Industrial,mep,2017,2,10,10
649,Ing. Electrica,bad,2017,2,10,10
650,Ing. Sistemas,tds,2017,2,11,11
651,Ing. Alimentos,fisica,2017,1,11,11
652,Ing. Sistemas,mate,2017,1,11,11
653,Ing. Civil,metodos exp,2017,2,11,11
654,Ing. Quimica,mop,2017,1,11,11
655,Ing. Electrica,sgi,2017,1,11,11
656,Ing. Mecanica,hdp,2017,2,11,11
657,Ing.Mecanica,rhu,2017,1,11,11
658,Ing. Industrial,mep,2017,1,11,11
659,Ing. Electrica,bad,2017,1,11,11
660,Ing. Sistemas,tds,2017,2,11,11
661,Ing. Alimentos,fisica,2017,2,11,11
662,Ing. Sistemas,mate,2017,1,11,11
663,Ing. Civil,metodos exp,2017,2,11,11
664,Ing. Quimica,mop,2017,1,11,11
665,Ing. Electrica,sgi,2017,2,11,11
666,Ing. Mecanica,hdp,2017,1,11,11
667,Ing.Mecanica,rhu,2017,2,11,11
668,Ing. Industrial,mep,2017,2,11,11
669,Ing. Electrica,bad,2017,2,11,11
670,Ing. Sistemas,tds,2017,1,11,11
671,Ing. Alimentos,fisica,2017,1,11,11
672,Ing. Sistemas,mate,2017,2,11,11
673,Ing. Civil,metodos exp,2017,1,11,11
674,Ing. Quimica,mop,2017,1,11,11
675,Ing. Electrica,sgi,2017,2,11,11
676,Ing. Mecanica,hdp,2017,1,11,11
677,Ing.Mecanica,rhu,2017,1,11,11
678,Ing. Industrial,mep,2017,1,11,11
679,Ing. Electrica,bad,2017,2,11,11
680,Ing. Sistemas,tds,2017,2,11,11
681,Ing. Alimentos,fisica,2017,1,11,11
682,Ing. Sistemas,mate,2017,2,11,11
683,Ing. Civil,metodos exp,2017,1,11,11
684,Ing. Quimica,mop,2017,2,11,11
685,Ing. Electrica,sgi,2017,1,11,11
686,Ing. Mecanica,hdp,2017,2,11,11
687,Ing.Mecanica,rhu,2017,2,11,11
688,Ing. Industrial,mep,2017,2,11,11
689,Ing. Electrica,bad,2017,1,11,11
690,Ing. Sistemas,tds,2017,1,11,11
691,Ing. Alimentos,fisica,2017,2,11,11
692,Ing. Sistemas,mate,2017,1,11,11
693,Ing. Civil,metodos exp,2017,1,11,11
694,Ing. Quimica,mop,2017,2,11,11
695,Ing. Electrica,sgi,2017,1,11,11
696,Ing. Mecanica,hdp,2017,1,11,11
697,Ing.Mecanica,rhu,2017,1,11,11
698,Ing. Industrial,mep,2017,2,11,11
699,Ing. Electrica,bad,2017,2,11,11
700,Ing. Sistemas,tds,2017,1,11,11
701,Ing. Alimentos,fisica,2016,2,11,11
702,Ing. Sistemas,mate,2016,1,11,11
703,Ing. Civil,metodos exp,2016,2,11,11
704,Ing. Quimica,mop,2016,1,11,11
705,Ing. Electrica,sgi,2016,2,11,11
706,Ing. Mecanica,hdp,2016,2,11,11
707,Ing.Mecanica,rhu,2016,2,11,11
708,Ing. Industrial,mep,2016,1,11,11
709,Ing. Electrica,bad,2016,1,11,11
710,Ing. Sistemas,tds,2016,2,12,12
711,Ing. Alimentos,fisica,2016,1,12,12
712,Ing. Sistemas,mate,2016,1,12,12
713,Ing. Civil,metodos exp,2016,2,12,12
714,Ing. Quimica,mop,2016,1,12,12
715,Ing. Electrica,sgi,2016,1,12,12
716,Ing. Mecanica,hdp,2016,1,12,12
717,Ing.Mecanica,rhu,2016,2,12,12
718,Ing. Industrial,mep,2016,2,12,12
719,Ing. Electrica,bad,2016,1,12,12
720,Ing. Sistemas,tds,2016,2,12,12
721,Ing. Alimentos,fisica,2016,1,12,12
722,Ing. Sistemas,mate,2016,2,12,12
723,Ing. Civil,metodos exp,2016,1,12,12
724,Ing. Quimica,mop,2016,2,12,12
725,Ing. Electrica,sgi,2016,2,12,12
726,Ing. Mecanica,hdp,2016,2,12,12
727,Ing.Mecanica,rhu,2016,1,12,12
728,Ing. Industrial,mep,2016,1,12,12
729,Ing. Electrica,bad,2016,2,12,12
730,Ing. Sistemas,tds,2016,1,12,12
731,Ing. Alimentos,fisica,2016,1,12,12
732,Ing. Sistemas,mate,2016,2,12,12
733,Ing. Civil,metodos exp,2016,1,12,12
734,Ing. Quimica,mop,2016,1,12,12
735,Ing. Electrica,sgi,2016,1,12,12
736,Ing. Mecanica,hdp,2016,2,12,12
737,Ing.Mecanica,rhu,2016,2,12,12
738,Ing. Industrial,mep,2016,1,12,12
739,Ing. Electrica,bad,2016,2,12,12
740,Ing. Sistemas,tds,2016,1,12,12
741,Ing. Alimentos,fisica,2016,2,12,12
742,Ing. Sistemas,mate,2016,1,12,12
743,Ing. Civil,metodos exp,2016,2,12,12
744,Ing. Quimica,mop,2016,2,12,12
745,Ing. Electrica,sgi,2016,2,12,12
746,Ing. Mecanica,hdp,2016,1,12,12
747,Ing.Mecanica,rhu,2016,1,12,12
748,Ing. Industrial,mep,2016,2,12,12
749,Ing. Electrica,bad,2016,1,12,12
750,Ing. Sistemas,tds,2016,1,12,12
751,Ing. Alimentos,fisica,2016,2,12,12
752,Ing. Sistemas,mate,2016,1,12,12
753,Ing. Civil,metodos exp,2016,1,12,12
754,Ing. Quimica,mop,2016,1,12,12
755,Ing. Electrica,sgi,2016,2,12,12
756,Ing. Mecanica,hdp,2016,2,12,12
757,Ing.Mecanica,rhu,2016,1,12,12
758,Ing. Industrial,mep,2016,2,12,12
759,Ing. Electrica,bad,2016,1,12,12
760,Ing. Sistemas,tds,2016,2,12,12
761,Ing. Alimentos,fisica,2016,1,12,12
762,Ing. Sistemas,mate,2016,2,12,12
763,Ing. Civil,metodos exp,2016,2,12,12
764,Ing. Quimica,mop,2016,2,12,12
765,Ing. Electrica,sgi,2016,1,12,12
766,Ing. Mecanica,hdp,2016,1,12,12
767,Ing.Mecanica,rhu,2016,2,12,12
768,Ing. Industrial,mep,2016,1,12,12
769,Ing. Electrica,bad,2016,1,12,12
770,Ing. Sistemas,tds,2016,2,12,12
771,Ing. Alimentos,fisica,2016,1,13,13
772,Ing. Sistemas,mate,2016,1,13,13
773,Ing. Civil,metodos exp,2016,1,13,13
774,Ing. Quimica,mop,2016,2,13,13
775,Ing. Electrica,sgi,2016,2,13,13
776,Ing. Mecanica,hdp,2016,1,13,13
777,Ing.Mecanica,rhu,2016,2,13,13
778,Ing. Industrial,mep,2016,1,13,13
779,Ing. Electrica,bad,2016,2,13,13
780,Ing. Sistemas,tds,2016,1,13,13
781,Ing. Alimentos,fisica,2016,2,13,13
782,Ing. Sistemas,mate,2016,2,13,13
783,Ing. Civil,metodos exp,2016,2,13,13
784,Ing. Quimica,mop,2016,1,13,13
785,Ing. Electrica,sgi,2016,1,13,13
786,Ing. Mecanica,hdp,2016,2,13,13
787,Ing.Mecanica,rhu,2016,1,13,13
788,Ing. Industrial,mep,2016,1,13,13
789,Ing. Electrica,bad,2016,2,13,13
790,Ing. Sistemas,tds,2016,1,13,13
791,Ing. Alimentos,fisica,2016,1,13,13
792,Ing. Sistemas,mate,2016,1,13,13
793,Ing. Civil,metodos exp,2016,2,13,13
794,Ing. Quimica,mop,2016,2,13,13
795,Ing. Electrica,sgi,2016,1,13,13
796,Ing. Mecanica,hdp,2016,2,13,13
797,Ing.Mecanica,rhu,2016,1,13,13
798,Ing. Industrial,mep,2016,2,13,13
799,Ing. Electrica,bad,2016,1,13,13
800,Ing. Sistemas,tds,2016,2,13,13
801,Ing. Alimentos,fisica,2016,2,13,13
802,Ing. Sistemas,mate,2016,2,13,13
803,Ing. Civil,metodos exp,2016,1,13,13
804,Ing. Quimica,mop,2016,1,13,13
805,Ing. Electrica,sgi,2016,2,13,13
806,Ing. Mecanica,hdp,2016,1,13,13
807,Ing.Mecanica,rhu,2016,1,13,13
808,Ing. Industrial,mep,2016,2,13,13
809,Ing. Electrica,bad,2016,1,13,13
810,Ing. Sistemas,tds,2016,1,13,13
811,Ing. Alimentos,fisica,2016,1,13,13
812,Ing. Sistemas,mate,2016,2,13,13
813,Ing. Civil,metodos exp,2016,2,13,13
814,Ing. Quimica,mop,2016,1,13,13
815,Ing. Electrica,sgi,2016,2,13,13
816,Ing. Mecanica,hdp,2016,1,13,13
817,Ing.Mecanica,rhu,2016,2,13,13
818,Ing. Industrial,mep,2016,1,13,13
819,Ing. Electrica,bad,2016,2,13,13
820,Ing. Sistemas,tds,2016,2,13,13
821,Ing. Alimentos,fisica,2016,2,13,13
822,Ing. Sistemas,mate,2016,1,13,13
823,Ing. Civil,metodos exp,2016,1,13,13
824,Ing. Quimica,mop,2016,2,13,13
825,Ing. Electrica,sgi,2016,1,13,13
826,Ing. Mecanica,hdp,2016,1,13,13
827,Ing.Mecanica,rhu,2016,2,13,13
828,Ing. Industrial,mep,2016,1,13,13
829,Ing. Electrica,bad,2016,1,13,13
830,Ing. Sistemas,tds,2016,1,13,13
831,Ing. Alimentos,fisica,2016,2,14,14
832,Ing. Sistemas,mate,2016,2,14,14
833,Ing. Civil,metodos exp,2016,1,14,14
834,Ing. Quimica,mop,2016,2,14,14
835,Ing. Electrica,sgi,2016,1,14,14
836,Ing. Mecanica,hdp,2016,2,14,14
837,Ing.Mecanica,rhu,2016,1,14,14
838,Ing. Industrial,mep,2016,2,14,14
839,Ing. Electrica,bad,2016,2,14,14
840,Ing. Sistemas,tds,2016,2,14,14
841,Ing. Alimentos,fisica,2016,1,14,14
842,Ing. Sistemas,mate,2016,1,14,14
843,Ing. Civil,metodos exp,2016,2,14,14
844,Ing. Quimica,mop,2016,1,14,14
845,Ing. Electrica,sgi,2016,1,14,14
846,Ing. Mecanica,hdp,2016,2,14,14
847,Ing.Mecanica,rhu,2016,1,14,14
848,Ing. Industrial,mep,2016,1,14,14
849,Ing. Electrica,bad,2016,1,14,14
850,Ing. Sistemas,tds,2016,2,14,14
851,Ing. Alimentos,fisica,2016,2,14,14
852,Ing. Sistemas,mate,2016,1,14,14
853,Ing. Civil,metodos exp,2016,2,14,14
854,Ing. Quimica,mop,2016,1,14,14
855,Ing. Electrica,sgi,2016,2,14,14
856,Ing. Mecanica,hdp,2016,1,14,14
857,Ing.Mecanica,rhu,2016,2,14,14
858,Ing. Industrial,mep,2016,2,14,14
859,Ing. Electrica,bad,2016,2,14,14
860,Ing. Sistemas,tds,2016,1,14,14
861,Ing. Alimentos,fisica,2016,1,14,14
862,Ing. Sistemas,mate,2016,2,14,14
863,Ing. Civil,metodos exp,2016,1,14,14
864,Ing. Quimica,mop,2016,1,14,14
865,Ing. Electrica,sgi,2016,2,14,14
866,Ing. Mecanica,hdp,2016,1,14,14
867,Ing.Mecanica,rhu,2016,1,14,14
868,Ing. Industrial,mep,2016,1,14,14
869,Ing. Electrica,bad,2016,2,14,14
870,Ing. Sistemas,tds,2016,2,14,14
871,Ing. Alimentos,fisica,2016,1,14,14
872,Ing. Sistemas,mate,2016,2,14,14
873,Ing. Civil,metodos exp,2016,1,14,14
874,Ing. Quimica,mop,2016,2,14,14
875,Ing. Electrica,sgi,2016,1,14,14
876,Ing. Mecanica,hdp,2016,2,14,14
877,Ing.Mecanica,rhu,2016,2,14,14
878,Ing. Industrial,mep,2016,2,14,14
879,Ing. Electrica,bad,2016,1,14,14
880,Ing. Sistemas,tds,2016,1,14,14
881,Ing. Alimentos,fisica,2016,2,14,14
882,Ing. Sistemas,mate,2016,1,14,14
883,Ing. Civil,metodos exp,2016,1,14,14
884,Ing. Quimica,mop,2016,2,14,14
885,Ing. Electrica,sgi,2016,1,14,14
886,Ing. Mecanica,hdp,2016,1,14,14
887,Ing.Mecanica,rhu,2016,1,14,14
888,Ing. Industrial,mep,2016,2,14,14
889,Ing. Electrica,bad,2016,2,14,14
890,Ing. Sistemas,tds,2016,1,14,14
891,Ing. Alimentos,fisica,2016,2,14,14
892,Ing. Sistemas,mate,2016,1,15,15
893,Ing. Civil,metodos exp,2016,2,15,15
894,Ing. Quimica,mop,2016,1,15,15
895,Ing. Electrica,sgi,2016,2,15,15
896,Ing. Mecanica,hdp,2016,2,15,15
897,Ing.Mecanica,rhu,2016,2,15,15
898,Ing. Industrial,mep,2016,1,15,15
899,Ing. Electrica,bad,2016,1,15,15
900,Ing. Sistemas,tds,2016,2,15,15
901,Ing. Alimentos,fisica,2016,1,15,15
902,Ing. Sistemas,mate,2016,1,15,15
903,Ing. Civil,metodos exp,2016,2,15,15
904,Ing. Quimica,mop,2016,1,15,15
905,Ing. Electrica,sgi,2016,1,15,15
906,Ing. Mecanica,hdp,2016,1,15,15
907,Ing.Mecanica,rhu,2016,2,15,15
908,Ing. Industrial,mep,2016,2,15,15
909,Ing. Electrica,bad,2016,1,15,15
910,Ing. Sistemas,tds,2016,2,15,15
911,Ing. Alimentos,fisica,2016,1,15,15
912,Ing. Sistemas,mate,2016,2,15,15
913,Ing. Civil,metodos exp,2016,1,15,15
914,Ing. Quimica,mop,2016,2,15,15
915,Ing. Electrica,sgi,2016,2,15,15
916,Ing. Mecanica,hdp,2016,2,15,15
917,Ing.Mecanica,rhu,2016,1,15,15
918,Ing. Industrial,mep,2016,1,15,15
919,Ing. Electrica,bad,2016,2,15,15
920,Ing. Sistemas,tds,2016,1,15,15
921,Ing. Alimentos,fisica,2016,1,15,15
922,Ing. Sistemas,mate,2016,2,15,15
923,Ing. Civil,metodos exp,2016,1,15,15
924,Ing. Quimica,mop,2016,1,15,15
925,Ing. Electrica,sgi,2016,1,15,15
926,Ing. Mecanica,hdp,2016,2,15,15
927,Ing.Mecanica,rhu,2016,2,15,15
928,Ing. Industrial,mep,2016,1,15,15
929,Ing. Electrica,bad,2016,2,15,15
930,Ing. Sistemas,tds,2016,1,15,15
931,Ing. Alimentos,fisica,2016,2,15,15
932,Ing. Sistemas,mate,2016,1,15,15
933,Ing. Civil,metodos exp,2016,2,15,15
934,Ing. Quimica,mop,2016,2,15,15
935,Ing. Electrica,sgi,2016,2,15,15
936,Ing. Mecanica,hdp,2016,1,15,15
937,Ing.Mecanica,rhu,2016,1,15,15
938,Ing. Industrial,mep,2016,2,15,15
939,Ing. Electrica,bad,2016,1,15,15
940,Ing. Sistemas,tds,2016,1,15,15
941,Ing. Alimentos,fisica,2016,2,15,15
942,Ing. Sistemas,mate,2016,1,15,15
943,Ing. Civil,metodos exp,2016,1,15,15
944,Ing. Quimica,mop,2016,1,15,15
945,Ing. Electrica,sgi,2016,2,15,15
946,Ing. Mecanica,hdp,2016,2,15,15
947,Ing.Mecanica,rhu,2016,1,15,15
948,Ing. Industrial,mep,2016,2,15,15
949,Ing. Electrica,bad,2016,1,15,15
950,Ing. Sistemas,tds,2016,2,15,15
951,Ing. Alimentos,fisica,2016,1,15,15
952,Ing. Sistemas,mate,2016,2,16,16
953,Ing. Civil,metodos exp,2016,2,16,16
954,Ing. Quimica,mop,2016,2,16,16
955,Ing. Electrica,sgi,2017,1,16,16
956,Ing. Mecanica,hdp,2017,1,16,16
957,Ing.Mecanica,rhu,2017,2,16,16
958,Ing. Industrial,mep,2017,1,16,16
959,Ing. Electrica,bad,2017,1,16,16
960,Ing. Sistemas,tds,2017,2,16,16
961,Ing. Alimentos,fisica,2017,1,16,16
962,Ing. Sistemas,mate,2017,1,16,16
963,Ing. Civil,metodos exp,2017,1,16,16
964,Ing. Quimica,mop,2017,2,16,16
965,Ing. Electrica,sgi,2017,2,16,16
966,Ing. Mecanica,hdp,2017,1,16,16
967,Ing.Mecanica,rhu,2017,2,16,16
968,Ing. Industrial,mep,2017,1,16,16
969,Ing. Electrica,bad,2017,2,16,16
970,Ing. Sistemas,tds,2017,1,16,16
971,Ing. Alimentos,fisica,2017,2,16,16
972,Ing. Sistemas,mate,2017,2,16,16
973,Ing. Civil,metodos exp,2017,2,16,16
974,Ing. Quimica,mop,2017,1,16,16
975,Ing. Electrica,sgi,2017,1,16,16
976,Ing. Mecanica,hdp,2017,2,16,16
977,Ing.Mecanica,rhu,2017,1,16,16
978,Ing. Industrial,mep,2017,1,16,16
979,Ing. Electrica,bad,2017,2,16,16
980,Ing. Sistemas,tds,2017,1,16,16
981,Ing. Alimentos,fisica,2017,1,16,16
982,Ing. Sistemas,mate,2017,1,16,16
983,Ing. Civil,metodos exp,2017,2,16,16
984,Ing. Quimica,mop,2017,2,16,16
985,Ing. Electrica,sgi,2017,1,16,16
986,Ing. Mecanica,hdp,2017,2,16,16
987,Ing.Mecanica,rhu,2017,1,16,16
988,Ing. Industrial,mep,2017,2,16,16
989,Ing. Electrica,bad,2017,1,16,16
990,Ing. Sistemas,tds,2017,2,16,16
991,Ing. Alimentos,fisica,2017,2,16,16
992,Ing. Sistemas,mate,2017,2,16,16
993,Ing. Civil,metodos exp,2017,1,16,16
994,Ing. Quimica,mop,2017,1,16,16
995,Ing. Electrica,sgi,2017,2,16,16
996,Ing. Mecanica,hdp,2017,1,16,16
997,Ing.Mecanica,rhu,2017,1,16,16
998,Ing. Industrial,mep,2017,2,16,16
999,Ing. Electrica,bad,2017,1,16,16
1000,Ing. Sistemas,tds,2017,1,16,16
1001,Ing. Alimentos,fisica,2017,1,16,16
1002,Ing. Sistemas,mate,2017,2,16,16
1003,Ing. Civil,metodos exp,2017,2,16,16
1004,Ing. Quimica,mop,2017,1,16,16
1005,Ing. Electrica,sgi,2017,2,16,16
1006,Ing. Mecanica,hdp,2017,1,16,16
1007,Ing.Mecanica,rhu,2017,2,16,16
1008,Ing. Industrial,mep,2017,1,16,16
1009,Ing. Electrica,bad,2017,2,16,16
1010,Ing. Sistemas,tds,2017,2,16,16
1011,Ing. Alimentos,fisica,2017,2,16,16
1012,Ing. Sistemas,mate,2017,1,16,16
1013,Ing. Civil,metodos exp,2017,1,17,17
1014,Ing. Quimica,mop,2017,2,17,17
1015,Ing. Electrica,sgi,2017,1,17,17
1016,Ing. Mecanica,hdp,2017,1,17,17
1017,Ing.Mecanica,rhu,2017,2,17,17
1018,Ing. Industrial,mep,2017,1,17,17
1019,Ing. Electrica,bad,2017,1,17,17
1020,Ing. Sistemas,tds,2017,1,17,17
1021,Ing. Alimentos,fisica,2017,2,17,17
1022,Ing. Sistemas,mate,2017,2,17,17
1023,Ing. Civil,metodos exp,2017,1,17,17
1024,Ing. Quimica,mop,2017,2,17,17
1025,Ing. Electrica,sgi,2017,1,17,17
1026,Ing. Mecanica,hdp,2017,2,17,17
1027,Ing.Mecanica,rhu,2017,1,17,17
1028,Ing. Industrial,mep,2017,2,17,17
1029,Ing. Electrica,bad,2017,2,17,17
1030,Ing. Sistemas,tds,2017,2,17,17
1031,Ing. Alimentos,fisica,2017,1,17,17
1032,Ing. Sistemas,mate,2017,1,17,17
1033,Ing. Civil,metodos exp,2017,2,17,17
1034,Ing. Quimica,mop,2017,1,17,17
1035,Ing. Electrica,sgi,2017,1,17,17
1036,Ing. Mecanica,hdp,2017,2,17,17
1037,Ing.Mecanica,rhu,2017,1,17,17
1038,Ing. Industrial,mep,2017,1,17,17
1039,Ing. Electrica,bad,2017,1,17,17
1040,Ing. Sistemas,tds,2017,2,17,17
1041,Ing. Alimentos,fisica,2017,2,17,17
1042,Ing. Sistemas,mate,2017,1,17,17
1043,Ing. Civil,metodos exp,2017,2,17,17
1044,Ing. Quimica,mop,2017,1,17,17
1045,Ing. Electrica,sgi,2017,2,17,17
1046,Ing. Mecanica,hdp,2017,1,17,17
1047,Ing.Mecanica,rhu,2017,2,17,17
1048,Ing. Industrial,mep,2017,2,17,17
1049,Ing. Electrica,bad,2017,2,17,17
1050,Ing. Sistemas,tds,2017,1,17,17
1051,Ing. Alimentos,fisica,2017,1,17,17
1052,Ing. Sistemas,mate,2017,2,17,17
1053,Ing. Civil,metodos exp,2017,1,17,17
1054,Ing. Quimica,mop,2017,1,17,17
1055,Ing. Electrica,sgi,2017,2,17,17
1056,Ing. Mecanica,hdp,2017,1,17,17
1057,Ing.Mecanica,rhu,2017,1,17,17
1058,Ing. Industrial,mep,2017,1,17,17
1059,Ing. Electrica,bad,2017,2,17,17
1060,Ing. Sistemas,tds,2017,2,17,17
1061,Ing. Alimentos,fisica,2017,1,17,17
1062,Ing. Sistemas,mate,2017,2,17,17
1063,Ing. Civil,metodos exp,2017,1,17,17
1064,Ing. Quimica,mop,2017,2,17,17
1065,Ing. Electrica,sgi,2017,1,17,17
1066,Ing. Mecanica,hdp,2017,2,17,17
1067,Ing.Mecanica,rhu,2017,2,17,17
1068,Ing. Industrial,mep,2017,2,17,17
1069,Ing. Electrica,bad,2017,1,17,17
1070,Ing. Sistemas,tds,2017,1,17,17
1071,Ing. Alimentos,fisica,2017,2,17,17
1072,Ing. Sistemas,mate,2017,1,17,17
1073,Ing. Civil,metodos exp,2017,1,18,18
1074,Ing. Quimica,mop,2017,2,18,18
1075,Ing. Electrica,sgi,2017,1,18,18
1076,Ing. Mecanica,hdp,2017,1,18,18
1077,Ing.Mecanica,rhu,2017,1,18,18
1078,Ing. Industrial,mep,2017,2,18,18
1079,Ing. Electrica,bad,2017,2,18,18
1080,Ing. Sistemas,tds,2017,1,18,18
1081,Ing. Alimentos,fisica,2017,2,18,18
1082,Ing. Sistemas,mate,2017,1,18,18
1083,Ing. Civil,metodos exp,2017,2,18,18
1084,Ing. Quimica,mop,2017,1,18,18
1085,Ing. Electrica,sgi,2017,2,18,18
1086,Ing. Mecanica,hdp,2017,2,18,18
