id,carrera,materia,ano,ciclo,reprobados
1,Ing. Alimentos,fisica,2015,1,1
2,Ing. Sistemas,mate,2015,2,2
3,Ing. Civil,metodos exp,2015,1,3
4,Ing. Quimica,mop,2015,2,4
5,Ing. Electrica,sgi,2015,1,5
6,Ing. Mecanica,hdp,2015,2,6
7,Ing.Mecanica,rhu,2015,1,7
8,Ing. Industrial,mep,2015,2,8
9,Ing. Electrica,bad,2015,1,9
10,Ing. Sistemas,tds,2015,2,10
11,Ing. Alimentos,fisica,2015,1,11
12,Ing. Sistemas,mate,2015,2,12
13,Ing. Civil,metodos exp,2015,1,13
14,Ing. Alimentos,mop,2015,2,14
15,Ing. Alimentos,sgi,2015,1,15
16,Ing. Sistemas,hdp,2015,2,16
17,Ing. Civil,rhu,2015,1,17
18,Ing. Quimica,mep,2015,2,18
19,Ing. Electrica,bad,2015,1,19
20,Ing. Mecanica,tds,2015,2,20
21,Ing.Mecanica,fisica,2015,1,21
22,Ing. Industrial,mate,2015,2,22
23,Ing. Electrica,metodos exp,2015,1,23
24,Ing. Sistemas,mop,2015,2,24
25,Ing. Alimentos,sgi,2015,1,25
26,Ing. Sistemas,fisica,2015,2,26
27,Ing. Civil,mate,2015,1,27
28,Ing. Alimentos,metodos exp,2015,2,28
29,Ing. Alimentos,mop,2015,1,29
30,Ing. Sistemas,sgi,2015,2,30
31,Ing. Civil,hdp,2015,1,31
32,Ing. Quimica,rhu,2015,2,32
33,Ing. Electrica,mep,2015,1,33
34,Ing. Mecanica,bad,2015,2,34
35,Ing.Mecanica,tds,2015,1,35
36,Ing. Industrial,fisica,2015,2,36
37,Ing. Electrica,mate,2015,1,37
38,Ing. Sistemas,metodos exp,2015,2,38
39,Ing. Alimentos,mop,2015,1,39
40,Ing. Sistemas,sgi,2015,2,40
41,Ing. Civil,hdp,2015,1,41
42,Ing. Alimentos,rhu,2015,2,42
43,Ing. Alimentos,mep,2015,1,43
44,Ing. Sistemas,bad,2015,2,44
45,Ing. Civil,tds,2015,1,45
46,Ing. Quimica,fisica,2015,2,46
47,Ing. Electrica,mate,2015,1,47
48,Ing. Mecanica,metodos exp,2015,2,48
49,Ing.Mecanica,mop,2015,1,49
50,Ing. Industrial,sgi,2015,2,50
51,Ing. Electrica,fisica,2015,1,51
52,Ing. Sistemas,mate,2015,2,52
53,Ing. Alimentos,metodos exp,2015,1,53
54,Ing. Sistemas,mop,2015,2,54
55,Ing. Civil,sgi,2015,1,55
56,Ing. Alimentos,hdp,2015,2,56
57,Ing. Alimentos,rhu,2015,1,57
58,Ing. Sistemas,mep,2015,2,58
59,Ing. Civil,bad,2015,1,59
60,Ing. Quimica,tds,2015,2,60
61,Ing. Electrica,fisica,2015,1,61
62,Ing. Mecanica,mate,2015,2,62
63,Ing.Mecanica,metodos exp,2015,1,63
64,Ing. Industrial,mop,2015,2,64
65,Ing. Electrica,sgi,2015,1,65
66,Ing. Sistemas,hdp,2015,2,66
67,Ing. Alimentos,rhu,2015,1,67
68,Ing. Sistemas,mep,2015,1,68
69,Ing. Civil,bad,2015,2,69
70,Ing. Alimentos,tds,2015,1,70
71,Ing. Alimentos,fisica,2015,2,71
72,Ing. Sistemas,mate,2015,1,72
73,Ing. Civil,metodos exp,2015,2,73
74,Ing. Quimica,mop,2015,1,74
75,Ing. Electrica,sgi,2015,2,75
76,Ing. Mecanica,fisica,2015,1,76
77,Ing.Mecanica,mate,2015,2,77
78,Ing. Industrial,metodos exp,2015,1,78
79,Ing. Electrica,mop,2015,2,79
80,Ing. Sistemas,sgi,2015,1,80
81,Ing. Alimentos,hdp,2015,2,81
82,Ing. Sistemas,rhu,2015,1,82
83,Ing. Civil,mep,2015,2,83
84,Ing. Alimentos,bad,2015,1,84
85,Ing. Alimentos,tds,2015,2,85
86,Ing. Sistemas,fisica,2015,1,86
87,Ing. Civil,mate,2015,2,87
88,Ing. Quimica,metodos exp,2015,1,88
89,Ing. Electrica,mop,2015,2,89
90,Ing. Mecanica,sgi,2015,1,90
91,Ing.Mecanica,hdp,2015,2,91
92,Ing. Industrial,rhu,2015,1,92
93,Ing. Electrica,mep,2015,2,93
94,Ing. Sistemas,bad,2015,1,94
95,Ing. Alimentos,tds,2015,2,95
96,Ing. Sistemas,fisica,2015,1,96
97,Ing. Civil,mate,2015,2,97
98,Ing. Alimentos,metodos exp,2015,1,98
99,Ing. Alimentos,mop,2015,2,99
100,Ing. Sistemas,sgi,2015,1,100
101,Ing. Civil,fisica,2015,2,101
102,Ing. Quimica,mate,2015,1,102
103,Ing. Electrica,metodos exp,2015,2,103
104,Ing. Mecanica,mop,2015,1,104
105,Ing.Mecanica,sgi,2015,2,105
106,Ing. Industrial,hdp,2015,1,106
107,Ing. Electrica,rhu,2015,2,107
108,Ing. Sistemas,mep,2015,1,108
109,Ing. Alimentos,bad,2015,2,109
110,Ing. Sistemas,tds,2015,1,110
111,Ing. Civil,fisica,2015,2,111
112,Ing. Alimentos,mate,2015,1,112
113,Ing. Alimentos,metodos exp,2015,2,113
114,Ing. Sistemas,mop,2015,1,114
115,Ing. Civil,sgi,2015,2,115
116,Ing. Quimica,hdp,2015,1,116
117,Ing. Electrica,rhu,2015,2,117
118,Ing. Mecanica,mep,2015,1,118
119,Ing.Mecanica,bad,2015,2,119
120,Ing. Industrial,tds,2015,1,120
121,Ing. Electrica,fisica,2015,2,121
122,Ing. Sistemas,mate,2015,1,122
123,Ing. Alimentos,metodos exp,2015,2,123
124,Ing. Sistemas,mop,2015,1,124
125,Ing. Civil,sgi,2015,2,125
126,Ing. Alimentos,fisica,2015,1,126
127,Ing. Alimentos,mate,2015,2,127
128,Ing. Sistemas,metodos exp,2015,1,128
129,Ing. Civil,mop,2015,2,129
130,Ing. Quimica,sgi,2015,1,130
131,Ing. Electrica,hdp,2015,2,131
132,Ing. Mecanica,rhu,2015,1,132
133,Ing.Mecanica,mep,2015,2,133
134,Ing. Industrial,bad,2015,1,134
135,Ing. Electrica,tds,2015,2,135
136,Ing. Sistemas,fisica,2015,1,136
137,Ing. Alimentos,mate,2015,2,137
138,Ing. Sistemas,metodos exp,2015,1,138
139,Ing. Civil,mop,2015,2,139
140,Ing. Alimentos,sgi,2015,1,140
141,Ing. Alimentos,hdp,2015,2,141
142,Ing. Sistemas,rhu,2015,1,142
143,Ing. Civil,mep,2015,2,143
144,Ing. Quimica,bad,2015,1,144
145,Ing. Electrica,tds,2015,2,145
146,Ing. Mecanica,fisica,2015,1,146
147,Ing.Mecanica,mate,2015,2,147
148,Ing. Industrial,metodos exp,2015,1,148
149,Ing. Electrica,mop,2015,2,149
150,Ing. Sistemas,sgi,2015,1,150
151,Ing. Alimentos,fisica,2015,2,151
152,Ing. Sistemas,mate,2015,1,152
153,Ing. Civil,metodos exp,2015,2,153
154,Ing. Alimentos,mop,2015,1,154
155,Ing. Alimentos,sgi,2015,2,155
156,Ing. Sistemas,hdp,2015,1,156
157,Ing. Civil,rhu,2015,2,157
158,Ing. Quimica,mep,2015,1,158
159,Ing. Electrica,bad,2015,2,159
160,Ing. Mecanica,tds,2015,1,160
161,Ing.Mecanica,fisica,2015,2,161
162,Ing. Industrial,mate,2015,1,162
163,Ing. Electrica,metodos exp,2015,2,163
164,Ing. Sistemas,mop,2015,1,164
165,Ing. Alimentos,sgi,2015,2,165
166,Ing. Sistemas,hdp,2015,1,166
167,Ing. Civil,rhu,2015,2,167
168,Ing. Alimentos,mep,2015,1,168
169,Ing. Alimentos,bad,2015,2,169
170,Ing. Sistemas,tds,2015,1,170
171,Ing. Civil,fisica,2015,2,171
172,Ing. Quimica,mate,2015,1,172
173,Ing. Electrica,metodos exp,2015,2,173
174,Ing. Mecanica,mop,2015,1,174
175,Ing.Mecanica,sgi,2015,1,175
176,Ing. Industrial,fisica,2015,2,176
177,Ing. Electrica,mate,2015,1,177
178,Ing. Sistemas,metodos exp,2015,2,178
179,Ing. Alimentos,mop,2015,1,179
180,Ing. Sistemas,sgi,2015,2,180
181,Ing. Civil,hdp,2015,1,181
182,Ing. Alimentos,rhu,2015,2,182
183,Ing. Alimentos,mep,2015,1,183
184,Ing. Sistemas,bad,2015,2,184
185,Ing. Civil,tds,2015,1,185
186,Ing. Quimica,fisica,2015,2,186
187,Ing. Electrica,mate,2015,1,187
188,Ing. Mecanica,metodos exp,2015,2,188
189,Ing.Mecanica,mop,2015,1,189
190,Ing. Industrial,sgi,2015,2,190
191,Ing. Electrica,hdp,2015,1,191
192,Ing. Sistemas,rhu,2015,2,192
193,Ing. Alimentos,mep,2015,1,193
194,Ing. Sistemas,bad,2015,2,194
195,Ing. Civil,tds,2015,1,195
196,Ing. Alimentos,fisica,2015,2,196
197,Ing. Alimentos,mate,2015,1,197
198,Ing. Sistemas,metodos exp,2015,2,198
199,Ing. Civil,mop,2015,1,199
200,Ing. Quimica,sgi,2015,2,200
201,Ing. Electrica,fisica,2015,1,201
202,Ing. Mecanica,mate,2015,2,202
203,Ing.Mecanica,metodos exp,2015,1,203
204,Ing. Industrial,mop,2015,2,204
205,Ing. Electrica,sgi,2015,1,205
206,Ing. Sistemas,hdp,2015,2,206
207,Ing. Alimentos,rhu,2015,1,207
208,Ing. Sistemas,mep,2015,2,208
209,Ing. Civil,bad,2015,1,209
210,Ing. Alimentos,tds,2015,2,210
211,Ing. Alimentos,fisica,2015,1,211
212,Ing. Sistemas,mate,2015,2,212
213,Ing. Civil,metodos exp,2015,1,213
214,Ing. Quimica,mop,2015,2,214
215,Ing. Electrica,sgi,2015,1,215
216,Ing. Mecanica,hdp,2015,2,216
217,Ing.Mecanica,rhu,2015,1,217
218,Ing. Industrial,mep,2015,2,218
219,Ing. Electrica,bad,2015,1,219
220,Ing. Sistemas,tds,2015,2,220
221,Ing. Alimentos,fisica,2015,1,221
222,Ing. Sistemas,mate,2015,2,222
223,Ing. Civil,metodos exp,2015,1,223
224,Ing. Alimentos,mop,2015,2,224
225,Ing. Alimentos,sgi,2015,1,225
226,Ing. Sistemas,fisica,2015,2,226
227,Ing. Civil,mate,2015,1,227
228,Ing. Quimica,metodos exp,2015,2,228
229,Ing. Electrica,mop,2015,1,229
230,Ing. Mecanica,sgi,2015,2,230
231,Ing.Mecanica,hdp,2015,1,231
232,Ing. Industrial,rhu,2015,2,232
233,Ing. Electrica,mep,2015,1,233
234,Ing. Sistemas,bad,2015,2,234
235,Ing. Alimentos,tds,2015,1,235
236,Ing. Sistemas,fisica,2015,2,236
237,Ing. Civil,mate,2015,1,237
238,Ing. Alimentos,metodos exp,2015,2,238
239,Ing. Alimentos,mop,2015,1,239
240,Ing. Sistemas,sgi,2015,2,240
241,Ing. Civil,hdp,2015,1,241
242,Ing. Quimica,rhu,2015,2,242
243,Ing. Electrica,mep,2015,1,243
244,Ing. Mecanica,bad,2015,2,244
245,Ing.Mecanica,tds,2015,1,245
246,Ing. Industrial,fisica,2015,2,246
247,Ing. Electrica,mate,2015,1,247
248,Ing. Sistemas,metodos exp,2015,2,248
249,Ing. Alimentos,mop,2015,1,249
250,Ing. Sistemas,sgi,2015,2,250
251,Ing. Civil,fisica,2015,1,251
252,Ing. Alimentos,mate,2015,2,252
253,Ing. Alimentos,metodos exp,2015,1,253
254,Ing. Sistemas,mop,2015,2,254
255,Ing. Civil,sgi,2015,1,255
256,Ing. Quimica,hdp,2015,2,256
257,Ing. Electrica,rhu,2015,1,257
258,Ing. Mecanica,mep,2015,2,258
259,Ing.Mecanica,bad,2015,1,259
260,Ing. Industrial,tds,2015,2,260
261,Ing. Electrica,fisica,2015,1,261
262,Ing. Sistemas,mate,2015,2,262
263,Ing. Alimentos,metodos exp,2016,1,263
264,Ing. Sistemas,mop,2016,2,264
265,Ing. Civil,sgi,2016,1,265
266,Ing. Alimentos,hdp,2016,2,266
267,Ing. Alimentos,rhu,2016,1,267
268,Ing. Sistemas,mep,2016,2,268
269,Ing. Civil,bad,2016,1,269
270,Ing. Quimica,tds,2016,2,270
271,Ing. Electrica,fisica,2016,1,271
272,Ing. Mecanica,mate,2016,2,272
273,Ing.Mecanica,metodos exp,2016,1,273
274,Ing. Industrial,mop,2016,2,274
275,Ing. Electrica,sgi,2016,1,275
276,Ing. Sistemas,fisica,2016,2,276
277,Ing. Alimentos,mate,2016,1,277
278,Ing. Sistemas,metodos exp,2016,2,278
279,Ing. Civil,mop,2016,1,279
280,Ing. Alimentos,sgi,2016,2,280
281,Ing. Alimentos,hdp,2016,1,281
282,Ing. Sistemas,rhu,2016,1,282
283,Ing. Civil,mep,2016,2,283
284,Ing. Quimica,bad,2016,1,284
285,Ing. Electrica,tds,2016,2,285
286,Ing. Mecanica,fisica,2016,1,286
287,Ing.Mecanica,mate,2016,2,287
288,Ing. Industrial,metodos exp,2016,1,288
289,Ing. Electrica,mop,2016,2,289
290,Ing. Sistemas,sgi,2016,1,290
291,Ing. Alimentos,hdp,2016,2,291
292,Ing. Sistemas,rhu,2016,1,292
293,Ing. Civil,mep,2016,2,293
294,Ing. Alimentos,bad,2016,1,294
295,Ing. Alimentos,tds,2016,2,295
296,Ing. Sistemas,fisica,2016,1,296
297,Ing. Civil,mate,2016,2,297
298,Ing. Quimica,metodos exp,2016,1,298
299,Ing. Electrica,mop,2016,2,299
300,Ing. Mecanica,sgi,2016,1,300
301,Ing.Mecanica,fisica,2016,2,301
302,Ing. Industrial,mate,2016,1,302
303,Ing. Electrica,metodos exp,2016,2,303
304,Ing. Sistemas,mop,2016,1,304
305,Ing. Alimentos,sgi,2016,2,305
306,Ing. Sistemas,hdp,2016,1,306
307,Ing. Civil,rhu,2016,2,307
308,Ing. Alimentos,mep,2016,1,308
309,Ing. Alimentos,bad,2016,2,309
310,Ing. Sistemas,tds,2016,1,310
311,Ing. Civil,fisica,2016,2,311
312,Ing. Quimica,mate,2016,1,312
313,Ing. Electrica,metodos exp,2016,2,313
314,Ing. Mecanica,mop,2016,1,314
315,Ing.Mecanica,sgi,2016,2,315
316,Ing. Industrial,hdp,2016,1,316
317,Ing. Electrica,rhu,2016,2,317
318,Ing. Sistemas,mep,2016,1,318
319,Ing. Alimentos,bad,2016,2,319
320,Ing. Sistemas,tds,2016,1,320
321,Ing. Civil,fisica,2016,2,321
322,Ing. Alimentos,mate,2016,1,322
323,Ing. Alimentos,metodos exp,2016,2,323
324,Ing. Sistemas,mop,2016,1,324
325,Ing. Civil,sgi,2016,2,325
326,Ing. Quimica,fisica,2016,1,326
327,Ing. Electrica,mate,2016,2,327
328,Ing. Mecanica,metodos exp,2016,1,328
329,Ing.Mecanica,mop,2016,2,329
330,Ing. Industrial,sgi,2016,1,330
331,Ing. Electrica,hdp,2016,2,331
332,Ing. Sistemas,rhu,2016,1,332
333,Ing. Alimentos,mep,2016,2,333
334,Ing. Sistemas,bad,2016,1,334
335,Ing. Civil,tds,2016,2,335
336,Ing. Alimentos,fisica,2016,1,336
337,Ing. Alimentos,mate,2016,2,337
338,Ing. Sistemas,metodos exp,2016,1,338
339,Ing. Civil,mop,2016,2,339
340,Ing. Quimica,sgi,2016,1,340
341,Ing. Electrica,hdp,2016,2,341
342,Ing. Mecanica,rhu,2016,1,342
343,Ing.Mecanica,mep,2016,2,343
344,Ing. Industrial,bad,2016,1,344
345,Ing. Electrica,tds,2016,2,345
346,Ing. Sistemas,fisica,2016,1,346
347,Ing. Alimentos,mate,2016,2,347
348,Ing. Sistemas,metodos exp,2016,1,348
349,Ing. Civil,mop,2016,2,349
350,Ing. Alimentos,sgi,2016,1,350
351,Ing. Alimentos,fisica,2016,2,351
352,Ing. Sistemas,mate,2016,1,352
353,Ing. Civil,metodos exp,2016,2,353
354,Ing. Quimica,mop,2016,1,354
355,Ing. Electrica,sgi,2016,2,355
356,Ing. Mecanica,hdp,2016,1,356
357,Ing.Mecanica,rhu,2016,2,357
358,Ing. Industrial,mep,2016,1,358
359,Ing. Electrica,bad,2016,2,359
360,Ing. Sistemas,tds,2016,1,360
361,Ing. Alimentos,fisica,2016,2,361
362,Ing. Sistemas,mate,2016,1,362
363,Ing. Civil,metodos exp,2016,2,363
364,Ing. Alimentos,mop,2016,1,364
365,Ing. Alimentos,sgi,2016,2,365
366,Ing. Sistemas,hdp,2016,1,366
367,Ing. Civil,rhu,2016,2,367
368,Ing. Quimica,mep,2016,1,368
369,Ing. Electrica,bad,2016,2,369
370,Ing. Mecanica,tds,2016,1,370
371,Ing.Mecanica,fisica,2016,2,371
372,Ing. Industrial,mate,2016,1,372
373,Ing. Electrica,metodos exp,2016,2,373
374,Ing. Sistemas,mop,2016,1,374
375,Ing. Alimentos,sgi,2016,2,375
376,Ing. Sistemas,fisica,2016,1,376
377,Ing. Civil,mate,2016,2,377
378,Ing. Alimentos,metodos exp,2016,1,378
379,Ing. Alimentos,mop,2016,2,379
380,Ing. Sistemas,sgi,2016,1,380
381,Ing. Civil,hdp,2016,2,381
382,Ing. Quimica,rhu,2016,1,382
383,Ing. Electrica,mep,2016,2,383
384,Ing. Mecanica,bad,2016,1,384
385,Ing.Mecanica,tds,2016,2,385
386,Ing. Industrial,fisica,2016,1,386
387,Ing. Electrica,mate,2016,2,387
388,Ing. Sistemas,metodos exp,2016,1,388
389,Ing. Alimentos,mop,2016,1,389
390,Ing. Sistemas,sgi,2016,2,390
391,Ing. Civil,hdp,2016,1,391
392,Ing. Alimentos,rhu,2016,2,392
393,Ing. Alimentos,mep,2016,1,393
394,Ing. Sistemas,bad,2016,2,394
395,Ing. Civil,tds,2016,1,395
396,Ing. Quimica,fisica,2016,2,396
397,Ing. Electrica,mate,2016,1,397
398,Ing. Mecanica,metodos exp,2016,2,398
399,Ing.Mecanica,mop,2016,1,399
400,Ing. Industrial,sgi,2016,2,400
401,Ing. Electrica,fisica,2016,1,401
402,Ing. Sistemas,mate,2016,2,402
403,Ing. Alimentos,metodos exp,2016,1,403
404,Ing. Sistemas,mop,2016,2,404
405,Ing. Civil,sgi,2016,1,405
406,Ing. Alimentos,hdp,2016,2,406
407,Ing. Alimentos,rhu,2016,1,407
408,Ing. Sistemas,mep,2016,2,408
409,Ing. Civil,bad,2016,1,409
410,Ing. Quimica,tds,2016,2,410
411,Ing. Electrica,fisica,2016,1,411
412,Ing. Mecanica,mate,2016,2,412
413,Ing.Mecanica,metodos exp,2016,1,413
414,Ing. Industrial,mop,2016,2,414
415,Ing. Electrica,sgi,2016,1,415
416,Ing. Sistemas,hdp,2016,2,416
417,Ing. Alimentos,rhu,2016,1,417
418,Ing. Sistemas,mep,2016,2,418
419,Ing. Civil,bad,2016,1,419
420,Ing. Alimentos,tds,2016,2,420
421,Ing. Alimentos,fisica,2016,1,421
422,Ing. Sistemas,mate,2016,2,422
423,Ing. Civil,metodos exp,2016,1,423
424,Ing. Quimica,mop,2016,2,424
425,Ing. Electrica,sgi,2016,1,425
426,Ing. Mecanica,fisica,2016,2,426
427,Ing.Mecanica,mate,2016,1,427
428,Ing. Industrial,metodos exp,2016,2,428
429,Ing. Electrica,mop,2016,1,429
430,Ing. Sistemas,sgi,2016,2,430
431,Ing. Alimentos,hdp,2016,1,431
432,Ing. Sistemas,rhu,2016,2,432
433,Ing. Civil,mep,2016,1,433
434,Ing. Alimentos,bad,2016,2,434
435,Ing. Alimentos,tds,2016,1,435
436,Ing. Sistemas,fisica,2016,2,436
437,Ing. Civil,mate,2016,1,437
438,Ing. Quimica,metodos exp,2016,2,438
439,Ing. Electrica,mop,2016,1,439
440,Ing. Mecanica,sgi,2016,2,440
441,Ing.Mecanica,hdp,2016,1,441
442,Ing. Industrial,rhu,2016,2,442
443,Ing. Electrica,mep,2016,1,443
444,Ing. Sistemas,bad,2016,2,444
445,Ing. Alimentos,tds,2016,1,445
446,Ing. Sistemas,fisica,2016,2,446
447,Ing. Civil,mate,2016,1,447
448,Ing. Alimentos,metodos exp,2016,2,448
449,Ing. Alimentos,mop,2016,1,449
450,Ing. Sistemas,sgi,2016,2,450
451,Ing. Civil,fisica,2016,1,451
452,Ing. Quimica,mate,2016,2,452
453,Ing. Electrica,metodos exp,2016,1,453
454,Ing. Mecanica,mop,2016,2,454
455,Ing.Mecanica,sgi,2016,1,455
456,Ing. Industrial,hdp,2016,2,456
457,Ing. Electrica,rhu,2016,1,457
458,Ing. Sistemas,mep,2016,2,458
459,Ing. Alimentos,bad,2016,1,459
460,Ing. Sistemas,tds,2016,2,460
461,Ing. Civil,fisica,2016,1,461
462,Ing. Alimentos,mate,2016,2,462
463,Ing. Alimentos,metodos exp,2016,1,463
464,Ing. Sistemas,mop,2016,2,464
465,Ing. Civil,sgi,2016,1,465
466,Ing. Quimica,hdp,2016,2,466
467,Ing. Electrica,rhu,2016,1,467
468,Ing. Mecanica,mep,2016,2,468
469,Ing.Mecanica,bad,2016,1,469
470,Ing. Industrial,tds,2016,2,470
471,Ing. Electrica,fisica,2016,1,471
472,Ing. Sistemas,mate,2016,2,472
473,Ing. Alimentos,metodos exp,2016,1,473
474,Ing. Sistemas,mop,2016,2,474
475,Ing. Civil,sgi,2016,1,475
476,Ing. Alimentos,fisica,2016,2,476
477,Ing. Alimentos,mate,2016,1,477
478,Ing. Sistemas,metodos exp,2016,2,478
479,Ing. Civil,mop,2016,1,479
480,Ing. Quimica,sgi,2016,2,480
481,Ing. Electrica,hdp,2016,1,481
482,Ing. Mecanica,rhu,2016,2,482
483,Ing.Mecanica,mep,2016,1,483
484,Ing. Industrial,bad,2016,2,484
485,Ing. Electrica,tds,2016,1,485
486,Ing. Sistemas,fisica,2016,2,486
487,Ing. Alimentos,mate,2016,1,487
488,Ing. Sistemas,metodos exp,2016,2,488
489,Ing. Civil,mop,2016,1,489
490,Ing. Alimentos,sgi,2016,2,490
491,Ing. Alimentos,hdp,2016,1,491
492,Ing. Sistemas,rhu,2016,2,492
493,Ing. Civil,mep,2016,1,493
494,Ing. Quimica,bad,2016,2,494
495,Ing. Electrica,tds,2016,1,495
496,Ing. Mecanica,fisica,2016,1,496
497,Ing.Mecanica,mate,2016,2,497
498,Ing. Industrial,metodos exp,2016,1,498
499,Ing. Electrica,mop,2016,2,499
500,Ing. Sistemas,sgi,2016,1,500
501,Ing. Alimentos,fisica,2016,2,501
502,Ing. Sistemas,mate,2016,1,502
503,Ing. Civil,metodos exp,2016,2,503
504,Ing. Alimentos,mop,2016,1,504
505,Ing. Alimentos,sgi,2016,2,505
506,Ing. Sistemas,hdp,2016,1,506
507,Ing. Civil,rhu,2016,2,507
508,Ing. Quimica,mep,2016,1,508
509,Ing. Electrica,bad,2016,2,509
510,Ing. Mecanica,tds,2016,1,510
511,Ing.Mecanica,fisica,2016,2,511
512,Ing. Industrial,mate,2016,1,512
513,Ing. Electrica,metodos exp,2016,2,513
514,Ing. Sistemas,mop,2016,1,514
515,Ing. Alimentos,sgi,2016,2,515
516,Ing. Sistemas,hdp,2016,1,516
517,Ing. Civil,rhu,2016,2,517
518,Ing. Alimentos,mep,2016,1,518
519,Ing. Alimentos,bad,2016,2,519
520,Ing. Sistemas,tds,2016,1,520
521,Ing. Civil,fisica,2016,2,521
522,Ing. Quimica,mate,2016,1,522
523,Ing. Electrica,metodos exp,2016,2,523
524,Ing. Mecanica,mop,2016,1,524
525,Ing.Mecanica,sgi,2016,2,525
526,Ing. Industrial,fisica,2016,1,526
527,Ing. Electrica,mate,2016,2,527
528,Ing. Sistemas,metodos exp,2016,1,528
529,Ing. Alimentos,mop,2016,2,529
530,Ing. Sistemas,sgi,2016,1,530
531,Ing. Civil,hdp,2016,2,531
532,Ing. Alimentos,rhu,2016,1,532
533,Ing. Alimentos,mep,2016,2,533
534,Ing. Sistemas,bad,2016,1,534
535,Ing. Civil,tds,2016,2,535
536,Ing. Quimica,fisica,2016,1,536
537,Ing. Electrica,mate,2016,2,537
538,Ing. Mecanica,metodos exp,2016,1,538
539,Ing.Mecanica,mop,2016,2,539
540,Ing. Industrial,sgi,2016,1,540
541,Ing. Electrica,hdp,2016,2,541
542,Ing. Sistemas,rhu,2016,1,542
543,Ing. Alimentos,mep,2016,2,543
544,Ing. Sistemas,bad,2016,1,544
545,Ing. Civil,tds,2016,2,545
546,Ing. Alimentos,fisica,2016,1,546
547,Ing. Alimentos,mate,2016,2,547
548,Ing. Sistemas,metodos exp,2016,1,548
549,Ing. Civil,mop,2016,2,549
550,Ing. Quimica,sgi,2016,1,550
551,Ing. Electrica,fisica,2016,2,551
552,Ing. Mecanica,mate,2016,1,552
553,Ing.Mecanica,metodos exp,2016,2,553
554,Ing. Industrial,mop,2016,1,554
555,Ing. Electrica,sgi,2016,2,555
556,Ing. Sistemas,hdp,2016,1,556
557,Ing. Alimentos,rhu,2016,2,557
558,Ing. Sistemas,mep,2016,1,558
559,Ing. Civil,bad,2016,2,559
560,Ing. Alimentos,tds,2016,1,560
561,Ing. Alimentos,fisica,2016,2,561
562,Ing. Sistemas,mate,2016,1,562
563,Ing. Civil,metodos exp,2016,2,563
564,Ing. Quimica,mop,2016,1,564
565,Ing. Electrica,sgi,2016,2,565
566,Ing. Mecanica,hdp,2016,1,566
567,Ing.Mecanica,rhu,2016,2,567
568,Ing. Industrial,mep,2016,1,568
569,Ing. Electrica,bad,2016,2,569
570,Ing. Sistemas,tds,2016,1,570
571,Ing. Alimentos,fisica,2016,2,571
572,Ing. Sistemas,mate,2016,1,572
573,Ing. Civil,metodos exp,2016,2,573
574,Ing. Alimentos,mop,2016,1,574
575,Ing. Alimentos,sgi,2016,2,575
576,Ing. Sistemas,fisica,2016,1,576
577,Ing. Civil,mate,2016,2,577
578,Ing. Quimica,metodos exp,2016,1,578
579,Ing. Electrica,mop,2016,2,579
580,Ing. Mecanica,sgi,2016,1,580
581,Ing.Mecanica,hdp,2016,2,581
582,Ing. Industrial,rhu,2016,1,582
583,Ing. Electrica,mep,2016,2,583
584,Ing. Sistemas,bad,2016,1,584
585,Ing. Alimentos,tds,2016,2,585
586,Ing. Sistemas,fisica,2016,1,586
587,Ing. Civil,mate,2016,2,587
588,Ing. Alimentos,metodos exp,2016,1,588
589,Ing. Alimentos,mop,2016,2,589
590,Ing. Sistemas,sgi,2016,1,590
591,Ing. Civil,hdp,2016,2,591
592,Ing. Quimica,rhu,2016,1,592
593,Ing. Electrica,mep,2016,2,593
594,Ing. Mecanica,bad,2016,1,594
595,Ing.Mecanica,tds,2016,2,595
596,Ing. Industrial,fisica,2016,1,596
597,Ing. Electrica,mate,2016,2,597
598,Ing. Sistemas,metodos exp,2016,1,598
599,Ing. Alimentos,mop,2016,2,599
600,Ing. Sistemas,sgi,2016,1,600
601,Ing. Civil,fisica,2016,2,601
602,Ing. Alimentos,mate,2016,1,602
603,Ing. Alimentos,metodos exp,2016,1,603
604,Ing. Sistemas,mop,2016,2,604
605,Ing. Civil,sgi,2016,1,605
606,Ing. Quimica,hdp,2016,2,606
607,Ing. Electrica,rhu,2016,1,607
608,Ing. Mecanica,mep,2016,2,608
609,Ing.Mecanica,bad,2016,1,609
610,Ing. Industrial,tds,2016,2,610
611,Ing. Electrica,fisica,2016,1,611
612,Ing. Sistemas,mate,2016,2,612
613,Ing. Alimentos,metodos exp,2016,1,613
614,Ing. Sistemas,mop,2016,2,614
615,Ing. Civil,sgi,2016,1,615
616,Ing. Alimentos,hdp,2016,2,616
617,Ing. Alimentos,rhu,2016,1,617
618,Ing. Sistemas,mep,2016,2,618
619,Ing. Civil,bad,2016,1,619
620,Ing. Quimica,tds,2016,2,620
621,Ing. Electrica,fisica,2016,1,621
622,Ing. Mecanica,mate,2016,2,622
623,Ing.Mecanica,metodos exp,2016,1,623
624,Ing. Industrial,mop,2016,2,624
625,Ing. Electrica,sgi,2016,1,625
626,Ing. Sistemas,fisica,2016,2,626
627,Ing. Alimentos,mate,2016,1,627
628,Ing. Sistemas,metodos exp,2016,2,628
629,Ing. Civil,mop,2016,1,629
630,Ing. Alimentos,sgi,2016,2,630
631,Ing. Alimentos,hdp,2016,1,631
632,Ing. Sistemas,rhu,2016,2,632
633,Ing. Civil,mep,2016,1,633
634,Ing. Quimica,bad,2016,2,634
635,Ing. Electrica,tds,2016,1,635
636,Ing. Mecanica,fisica,2016,2,636
637,Ing.Mecanica,mate,2016,1,637
638,Ing. Industrial,metodos exp,2016,2,638
639,Ing. Electrica,mop,2016,1,639
640,Ing. Sistemas,sgi,2016,2,640
641,Ing. Alimentos,hdp,2016,1,641
642,Ing. Sistemas,rhu,2016,2,642
643,Ing. Civil,mep,2016,1,643
644,Ing. Alimentos,bad,2016,2,644
645,Ing. Alimentos,tds,2016,1,645
646,Ing. Sistemas,fisica,2016,2,646
647,Ing. Civil,mate,2016,1,647
648,Ing. Quimica,metodos exp,2016,2,648
649,Ing. Electrica,mop,2016,1,649
650,Ing. Mecanica,sgi,2016,2,650
651,Ing.Mecanica,fisica,2016,1,651
652,Ing. Industrial,mate,2016,2,652
653,Ing. Electrica,metodos exp,2016,1,653
654,Ing. Sistemas,mop,2016,2,654
655,Ing. Alimentos,sgi,2016,1,655
656,Ing. Sistemas,hdp,2016,2,656
657,Ing. Civil,rhu,2016,1,657
658,Ing. Alimentos,mep,2016,2,658
659,Ing. Alimentos,bad,2016,1,659
660,Ing. Sistemas,tds,2016,2,660
661,Ing. Civil,fisica,2016,1,661
662,Ing. Quimica,mate,2016,2,662
663,Ing. Electrica,metodos exp,2016,1,663
664,Ing. Mecanica,mop,2016,2,664
665,Ing.Mecanica,sgi,2016,1,665
666,Ing. Industrial,hdp,2016,2,666
667,Ing. Electrica,rhu,2016,1,667
668,Ing. Sistemas,mep,2016,2,668
669,Ing. Alimentos,bad,2016,1,669
670,Ing. Sistemas,tds,2016,2,670
671,Ing. Civil,fisica,2016,1,1
672,Ing. Alimentos,mate,2016,2,2
673,Ing. Alimentos,metodos exp,2016,1,3
674,Ing. Sistemas,mop,2016,2,4
675,Ing. Civil,sgi,2016,1,5
676,Ing. Quimica,fisica,2016,2,6
677,Ing. Electrica,mate,2016,1,7
678,Ing. Mecanica,metodos exp,2016,2,8
679,Ing.Mecanica,mop,2016,1,9
680,Ing. Industrial,sgi,2016,2,10
681,Ing. Electrica,hdp,2016,1,11
682,Ing. Sistemas,rhu,2016,2,12
683,Ing. Alimentos,mep,2016,1,13
684,Ing. Sistemas,bad,2016,2,14
685,Ing. Civil,tds,2016,1,15
686,Ing. Alimentos,fisica,2016,2,16
687,Ing. Alimentos,mate,2016,1,17
688,Ing. Sistemas,metodos exp,2016,2,18
689,Ing. Civil,mop,2016,1,19
690,Ing. Quimica,sgi,2016,2,20
691,Ing. Electrica,hdp,2016,1,21
692,Ing. Mecanica,rhu,2016,2,22
693,Ing.Mecanica,mep,2016,1,23
694,Ing. Industrial,bad,2016,2,24
695,Ing. Electrica,tds,2016,1,25
696,Ing. Sistemas,fisica,2016,2,26
697,Ing. Alimentos,mate,2016,1,27
698,Ing. Sistemas,metodos exp,2016,2,28
699,Ing. Civil,mop,2016,1,29
700,Ing. Alimentos,sgi,2016,2,30
701,Ing. Alimentos,fisica,2016,1,31
702,Ing. Sistemas,mate,2016,2,32
703,Ing. Civil,metodos exp,2016,1,33
704,Ing. Quimica,mop,2016,2,34
705,Ing. Electrica,sgi,2016,1,35
706,Ing. Mecanica,hdp,2016,2,36
707,Ing.Mecanica,rhu,2016,1,37
708,Ing. Industrial,mep,2016,2,38
709,Ing. Electrica,bad,2016,1,39
710,Ing. Sistemas,tds,2016,1,40
711,Ing. Alimentos,fisica,2016,2,41
712,Ing. Sistemas,mate,2016,1,42
713,Ing. Civil,metodos exp,2016,2,43
714,Ing. Alimentos,mop,2016,1,44
715,Ing. Alimentos,sgi,2016,2,45
716,Ing. Sistemas,hdp,2016,1,46
717,Ing. Civil,rhu,2016,2,47
718,Ing. Quimica,mep,2016,1,48
719,Ing. Electrica,bad,2016,2,49
720,Ing. Mecanica,tds,2016,1,50
721,Ing.Mecanica,fisica,2016,2,51
722,Ing. Industrial,mate,2016,1,52
723,Ing. Electrica,metodos exp,2016,2,53
724,Ing. Sistemas,mop,2016,1,54
725,Ing. Alimentos,sgi,2016,2,55
726,Ing. Sistemas,fisica,2016,1,56
727,Ing. Civil,mate,2016,2,57
728,Ing. Alimentos,metodos exp,2016,1,58
729,Ing. Alimentos,mop,2016,2,59
730,Ing. Sistemas,sgi,2016,1,60
731,Ing. Civil,hdp,2016,2,61
732,Ing. Quimica,rhu,2016,1,62
733,Ing. Electrica,mep,2016,2,63
734,Ing. Mecanica,bad,2016,1,64
735,Ing.Mecanica,tds,2016,2,65
736,Ing. Industrial,fisica,2016,1,66
737,Ing. Electrica,mate,2016,2,67
738,Ing. Sistemas,metodos exp,2016,1,68
739,Ing. Alimentos,mop,2016,2,69
740,Ing. Sistemas,sgi,2016,1,70
741,Ing. Civil,hdp,2016,2,71
742,Ing. Alimentos,rhu,2016,1,72
743,Ing. Alimentos,mep,2016,2,73
744,Ing. Sistemas,bad,2016,1,74
745,Ing. Civil,tds,2016,2,75
746,Ing. Quimica,fisica,2016,1,76
747,Ing. Electrica,mate,2016,2,77
748,Ing. Mecanica,metodos exp,2016,1,78
749,Ing.Mecanica,mop,2016,2,79
750,Ing. Industrial,sgi,2016,1,80
751,Ing. Electrica,fisica,2016,2,81
752,Ing. Sistemas,mate,2016,1,82
753,Ing. Alimentos,metodos exp,2016,2,83
754,Ing. Sistemas,mop,2016,1,84
755,Ing. Civil,sgi,2016,2,85
756,Ing. Alimentos,hdp,2016,1,86
757,Ing. Alimentos,rhu,2016,2,87
758,Ing. Sistemas,mep,2016,1,88
759,Ing. Civil,bad,2016,2,89
760,Ing. Quimica,tds,2016,1,90
761,Ing. Electrica,fisica,2016,2,91
762,Ing. Mecanica,mate,2016,1,92
763,Ing.Mecanica,metodos exp,2016,2,93
764,Ing. Industrial,mop,2016,1,94
765,Ing. Electrica,sgi,2016,2,95
766,Ing. Sistemas,hdp,2016,1,96
767,Ing. Alimentos,rhu,2016,2,97
768,Ing. Sistemas,mep,2016,1,98
769,Ing. Civil,bad,2016,2,99
770,Ing. Alimentos,tds,2016,1,100
771,Ing. Alimentos,fisica,2016,2,101
772,Ing. Sistemas,mate,2016,1,102
773,Ing. Civil,metodos exp,2016,2,103
774,Ing. Quimica,mop,2016,1,104
775,Ing. Electrica,sgi,2016,2,105
776,Ing. Mecanica,fisica,2016,1,106
777,Ing.Mecanica,mate,2016,2,107
778,Ing. Industrial,metodos exp,2016,1,108
779,Ing. Electrica,mop,2016,2,109
780,Ing. Sistemas,sgi,2016,1,110
781,Ing. Alimentos,hdp,2017,2,111
782,Ing. Sistemas,rhu,2017,1,112
783,Ing. Civil,mep,2017,2,113
784,Ing. Alimentos,bad,2017,1,114
785,Ing. Alimentos,tds,2017,2,115
786,Ing. Sistemas,fisica,2017,1,116
787,Ing. Civil,mate,2017,2,117
788,Ing. Quimica,metodos exp,2017,1,118
789,Ing. Electrica,mop,2017,2,119
790,Ing. Mecanica,sgi,2017,1,120
791,Ing.Mecanica,hdp,2017,2,121
792,Ing. Industrial,rhu,2017,1,122
793,Ing. Electrica,mep,2017,2,123
794,Ing. Sistemas,bad,2017,1,124
795,Ing. Alimentos,tds,2017,2,125
796,Ing. Sistemas,fisica,2017,1,126
797,Ing. Civil,mate,2017,2,127
798,Ing. Alimentos,metodos exp,2017,1,128
799,Ing. Alimentos,mop,2017,2,129
800,Ing. Sistemas,sgi,2017,1,130
801,Ing. Civil,fisica,2017,2,131
802,Ing. Quimica,mate,2017,1,132
803,Ing. Electrica,metodos exp,2017,2,133
804,Ing. Mecanica,mop,2017,1,134
805,Ing.Mecanica,sgi,2017,2,135
806,Ing. Industrial,hdp,2017,1,136
807,Ing. Electrica,rhu,2017,2,137
808,Ing. Sistemas,mep,2017,1,138
809,Ing. Alimentos,bad,2017,2,139
810,Ing. Sistemas,tds,2017,1,140
811,Ing. Civil,fisica,2017,2,141
812,Ing. Alimentos,mate,2017,1,142
813,Ing. Alimentos,metodos exp,2017,2,143
814,Ing. Sistemas,mop,2017,1,144
815,Ing. Civil,sgi,2017,2,145
816,Ing. Quimica,hdp,2017,1,146
817,Ing. Electrica,rhu,2017,1,147
818,Ing. Mecanica,mep,2017,2,148
819,Ing.Mecanica,bad,2017,1,149
820,Ing. Industrial,tds,2017,2,150
821,Ing. Electrica,fisica,2017,1,151
822,Ing. Sistemas,mate,2017,2,152
823,Ing. Alimentos,metodos exp,2017,1,153
824,Ing. Sistemas,mop,2017,2,154
825,Ing. Civil,sgi,2017,1,155
826,Ing. Alimentos,fisica,2017,2,156
827,Ing. Alimentos,mate,2017,1,157
828,Ing. Sistemas,metodos exp,2017,2,158
829,Ing. Civil,mop,2017,1,159
830,Ing. Quimica,sgi,2017,2,160
831,Ing. Electrica,hdp,2017,1,161
832,Ing. Mecanica,rhu,2017,2,162
833,Ing.Mecanica,mep,2017,1,163
834,Ing. Industrial,bad,2017,2,164
835,Ing. Electrica,tds,2017,1,165
836,Ing. Sistemas,fisica,2017,2,166
837,Ing. Alimentos,mate,2017,1,167
838,Ing. Sistemas,metodos exp,2017,2,168
839,Ing. Civil,mop,2017,1,169
840,Ing. Alimentos,sgi,2017,2,170
841,Ing. Alimentos,hdp,2017,1,171
842,Ing. Sistemas,rhu,2017,2,172
843,Ing. Civil,mep,2017,1,173
844,Ing. Quimica,bad,2017,2,174
845,Ing. Electrica,tds,2017,1,175
846,Ing. Mecanica,fisica,2017,2,176
847,Ing.Mecanica,mate,2017,1,177
848,Ing. Industrial,metodos exp,2017,2,178
849,Ing. Electrica,mop,2017,1,179
850,Ing. Sistemas,sgi,2017,2,180
851,Ing. Alimentos,fisica,2017,1,181
852,Ing. Sistemas,mate,2017,2,182
853,Ing. Civil,metodos exp,2017,1,183
854,Ing. Alimentos,mop,2017,2,184
855,Ing. Alimentos,sgi,2017,1,185
856,Ing. Sistemas,hdp,2017,2,186
857,Ing. Civil,rhu,2017,1,187
858,Ing. Quimica,mep,2017,2,188
859,Ing. Electrica,bad,2017,1,189
860,Ing. Mecanica,tds,2017,2,190
861,Ing.Mecanica,fisica,2017,1,191
862,Ing. Industrial,mate,2017,2,192
863,Ing. Electrica,metodos exp,2017,1,193
864,Ing. Sistemas,mop,2017,2,194
865,Ing. Alimentos,sgi,2017,1,195
866,Ing. Sistemas,hdp,2017,2,196
867,Ing. Civil,rhu,2017,1,197
868,Ing. Alimentos,mep,2017,2,198
869,Ing. Alimentos,bad,2017,1,199
870,Ing. Sistemas,tds,2017,2,200
871,Ing. Civil,fisica,2017,1,201
872,Ing. Quimica,mate,2017,2,202
873,Ing. Electrica,metodos exp,2017,1,203
874,Ing. Mecanica,mop,2017,2,204
875,Ing.Mecanica,sgi,2017,1,205
876,Ing. Industrial,fisica,2017,2,206
877,Ing. Electrica,mate,2017,1,207
878,Ing. Sistemas,metodos exp,2017,2,208
879,Ing. Alimentos,mop,2017,1,209
880,Ing. Sistemas,sgi,2017,2,210
881,Ing. Civil,hdp,2017,1,211
882,Ing. Alimentos,rhu,2017,2,212
883,Ing. Alimentos,mep,2017,1,213
884,Ing. Sistemas,bad,2017,2,214
885,Ing. Civil,tds,2017,1,215
886,Ing. Quimica,fisica,2017,2,216
887,Ing. Electrica,mate,2017,1,217
888,Ing. Mecanica,metodos exp,2017,2,218
889,Ing.Mecanica,mop,2017,1,219
890,Ing. Industrial,sgi,2017,2,220
891,Ing. Electrica,hdp,2017,1,221
892,Ing. Sistemas,rhu,2017,2,222
893,Ing. Alimentos,mep,2017,1,223
894,Ing. Sistemas,bad,2017,2,224
895,Ing. Civil,tds,2017,1,225
896,Ing. Alimentos,fisica,2017,2,226
897,Ing. Alimentos,mate,2017,1,227
898,Ing. Sistemas,metodos exp,2017,2,228
899,Ing. Civil,mop,2017,1,229
900,Ing. Quimica,sgi,2017,2,230
901,Ing. Electrica,fisica,2017,1,231
902,Ing. Mecanica,mate,2017,2,232
903,Ing.Mecanica,metodos exp,2017,1,233
904,Ing. Industrial,mop,2017,2,234
905,Ing. Electrica,sgi,2017,1,235
906,Ing. Sistemas,hdp,2017,2,236
907,Ing. Alimentos,rhu,2017,1,237
908,Ing. Sistemas,mep,2017,2,238
909,Ing. Civil,bad,2017,1,239
910,Ing. Alimentos,tds,2017,2,240
911,Ing. Alimentos,fisica,2017,1,241
912,Ing. Sistemas,mate,2017,2,242
913,Ing. Civil,metodos exp,2017,1,243
914,Ing. Quimica,mop,2017,2,244
915,Ing. Electrica,sgi,2017,1,245
916,Ing. Mecanica,hdp,2017,2,246
917,Ing.Mecanica,rhu,2017,1,247
918,Ing. Industrial,mep,2017,2,248
919,Ing. Electrica,bad,2017,1,249
920,Ing. Sistemas,tds,2017,2,250
921,Ing. Alimentos,fisica,2017,1,251
922,Ing. Sistemas,mate,2017,2,252
923,Ing. Civil,metodos exp,2017,1,253
924,Ing. Alimentos,mop,2017,1,254
925,Ing. Alimentos,sgi,2017,2,255
926,Ing. Sistemas,fisica,2017,1,256
927,Ing. Civil,mate,2017,2,257
928,Ing. Quimica,metodos exp,2017,1,258
929,Ing. Electrica,mop,2017,2,259
930,Ing. Mecanica,sgi,2017,1,260
931,Ing.Mecanica,hdp,2017,2,261
932,Ing. Industrial,rhu,2017,1,262
933,Ing. Electrica,mep,2017,2,263
934,Ing. Sistemas,bad,2017,1,264
935,Ing. Alimentos,tds,2017,2,265
936,Ing. Sistemas,fisica,2017,1,266
937,Ing. Civil,mate,2017,2,267
938,Ing. Alimentos,metodos exp,2017,1,268
939,Ing. Alimentos,mop,2017,2,269
940,Ing. Sistemas,sgi,2017,1,270
941,Ing. Civil,hdp,2017,2,271
942,Ing. Quimica,rhu,2017,1,272
943,Ing. Electrica,mep,2017,2,273
944,Ing. Mecanica,bad,2017,1,274
945,Ing.Mecanica,tds,2017,2,275
946,Ing. Industrial,fisica,2017,1,276
947,Ing. Electrica,mate,2017,2,277
948,Ing. Sistemas,metodos exp,2017,1,278
949,Ing. Alimentos,mop,2017,2,279
950,Ing. Sistemas,sgi,2017,1,280
951,Ing. Civil,fisica,2017,2,281
952,Ing. Alimentos,mate,2017,1,282
953,Ing. Alimentos,metodos exp,2017,2,283
954,Ing. Sistemas,mop,2017,1,284
955,Ing. Civil,sgi,2017,2,285
956,Ing. Quimica,hdp,2017,1,286
957,Ing. Electrica,rhu,2017,2,287
958,Ing. Mecanica,mep,2017,1,288
959,Ing.Mecanica,bad,2017,2,289
960,Ing. Industrial,tds,2017,1,290
961,Ing. Electrica,fisica,2017,2,291
962,Ing. Sistemas,mate,2017,1,292
963,Ing. Alimentos,metodos exp,2017,2,293
964,Ing. Sistemas,mop,2017,1,294
965,Ing. Civil,sgi,2017,2,295
966,Ing. Alimentos,hdp,2017,1,296
967,Ing. Alimentos,rhu,2017,2,297
968,Ing. Sistemas,mep,2017,1,298
969,Ing. Civil,bad,2017,2,299
970,Ing. Quimica,tds,2017,1,300
971,Ing. Electrica,fisica,2017,2,301
972,Ing. Mecanica,mate,2017,1,302
973,Ing.Mecanica,metodos exp,2017,2,303
974,Ing. Industrial,mop,2017,1,304
975,Ing. Electrica,sgi,2017,2,305
976,Ing. Sistemas,fisica,2017,1,306
977,Ing. Alimentos,mate,2017,2,307
978,Ing. Sistemas,metodos exp,2017,1,308
979,Ing. Civil,mop,2017,2,309
980,Ing. Alimentos,sgi,2017,1,310
981,Ing. Alimentos,hdp,2017,2,311
982,Ing. Sistemas,rhu,2017,1,312
983,Ing. Civil,mep,2017,2,313
984,Ing. Quimica,bad,2017,1,314
985,Ing. Electrica,tds,2017,2,315
986,Ing. Mecanica,fisica,2017,1,316
987,Ing.Mecanica,mate,2017,2,317
988,Ing. Industrial,metodos exp,2017,1,318
989,Ing. Electrica,mop,2017,2,319
990,Ing. Sistemas,sgi,2017,1,320
991,Ing. Alimentos,hdp,2017,2,321
992,Ing. Sistemas,rhu,2017,1,322
993,Ing. Civil,mep,2017,2,323
994,Ing. Alimentos,bad,2017,1,324
995,Ing. Alimentos,tds,2017,2,325
996,Ing. Sistemas,fisica,2017,1,326
997,Ing. Civil,mate,2017,2,327
998,Ing. Quimica,metodos exp,2017,1,328
999,Ing. Electrica,mop,2017,2,329
1000,Ing. Mecanica,sgi,2017,1,330
1001,Ing.Mecanica,fisica,2017,2,331
1002,Ing. Industrial,mate,2017,1,332
1003,Ing. Electrica,metodos exp,2017,2,333
1004,Ing. Sistemas,mop,2017,1,334
1005,Ing. Alimentos,sgi,2017,2,335
1006,Ing. Sistemas,hdp,2017,1,336
1007,Ing. Civil,rhu,2017,2,337
1008,Ing. Alimentos,mep,2017,1,338
1009,Ing. Alimentos,bad,2017,2,339
1010,Ing. Sistemas,tds,2017,1,340
1011,Ing. Civil,fisica,2017,2,341
1012,Ing. Quimica,mate,2017,1,342
1013,Ing. Electrica,metodos exp,2017,2,343
1014,Ing. Mecanica,mop,2017,1,344
1015,Ing.Mecanica,sgi,2017,2,345
1016,Ing. Industrial,hdp,2017,1,346
1017,Ing. Electrica,rhu,2017,2,347
1018,Ing. Sistemas,mep,2017,1,348
1019,Ing. Alimentos,bad,2017,2,349
1020,Ing. Sistemas,tds,2017,1,350
1021,Ing. Civil,fisica,2017,2,351
1022,Ing. Alimentos,mate,2017,1,352
1023,Ing. Alimentos,metodos exp,2017,2,353
